Workbook

Sheet Opponents
A1: Opponent (as in data) | B1: Suggested merged name | C1: Total | D1: Home | E1: Away | F1: Neutral | G1: First away | H1: Last away | I1: Away seasons | J1: Ground notes (from general knowledge — verify)
A2: 1.FC Köln | B2: 1.FC Köln | C2: =COUNTIF(Fixtures!$H$2:$H$2102,A2) -> 2 | D2: =COUNTIFS(Fixtures!$H$2:$H$2102,A2,Fixtures!$I$2:$I$2102,"H") -> 1 | E2: =COUNTIFS(Fixtures!$H$2:$H$2102,A2,Fixtures!$I$2:$I$2102,"A") -> 1 | F2: =COUNTIFS(Fixtures!$H$2:$H$2102,A2,Fixtures!$I$2:$I$2102,"N") -> 0 | G2: =IF(E2=0,"",_xlfn.MINIFS(Fixtures!$A$2:$A$2102,Fixtures!$H$2:$H$2102,A2,Fixtures!$I$2:$I$2102,"A")) -> 43062 | H2: =IF(E2=0,"",_xlfn.MAXIFS(Fixtures!$A$2:$A$2102,Fixtures!$H$2:$H$2102,A2,Fixtures!$I$2:$I$2102,"A")) -> 43062 | I2: 2017/18
A3: AC Milan | B3: AC Milan | C3: =COUNTIF(Fixtures!$H$2:$H$2102,A3) -> 8 | D3: =COUNTIFS(Fixtures!$H$2:$H$2102,A3,Fixtures!$I$2:$I$2102,"H") -> 4 | E3: =COUNTIFS(Fixtures!$H$2:$H$2102,A3,Fixtures!$I$2:$I$2102,"A") -> 4 | F3: =COUNTIFS(Fixtures!$H$2:$H$2102,A3,Fixtures!$I$2:$I$2102,"N") -> 0 | G3: =IF(E3=0,"",_xlfn.MINIFS(Fixtures!$A$2:$A$2102,Fixtures!$H$2:$H$2102,A3,Fixtures!$I$2:$I$2102,"A")) -> 34738 | H3: =IF(E3=0,"",_xlfn.MAXIFS(Fixtures!$A$2:$A$2102,Fixtures!$H$2:$H$2102,A3,Fixtures!$I$2:$I$2102,"A")) -> 43167 | I3: 1994/95, 2007/08, 2011/12, 2017/18
A4: AFC Bournemouth | B4: AFC Bournemouth | C4: =COUNTIF(Fixtures!$H$2:$H$2102,A4) -> 19 | D4: =COUNTIFS(Fixtures!$H$2:$H$2102,A4,Fixtures!$I$2:$I$2102,"H") -> 9 | E4: =COUNTIFS(Fixtures!$H$2:$H$2102,A4,Fixtures!$I$2:$I$2102,"A") -> 10 | F4: =COUNTIFS(Fixtures!$H$2:$H$2102,A4,Fixtures!$I$2:$I$2102,"N") -> 0 | G4: =IF(E4=0,"",_xlfn.MINIFS(Fixtures!$A$2:$A$2102,Fixtures!$H$2:$H$2102,A4,Fixtures!$I$2:$I$2102,"A")) -> 42407 | H4: =IF(E4=0,"",_xlfn.MAXIFS(Fixtures!$A$2:$A$2102,Fixtures!$H$2:$H$2102,A4,Fixtures!$I$2:$I$2102,"A")) -> 46025 | I4: 2015/16, 2016/17, 2017/18, 2018/19, 2019/20, 2022/23, 2023/24, 2024/25, 2025/26
A5: AFC Wimbledon | B5: AFC Wimbledon | C5: =COUNTIF(Fixtures!$H$2:$H$2102,A5) -> 1 | D5: =COUNTIFS(Fixtures!$H$2:$H$2102,A5,Fixtures!$I$2:$I$2102,"H") -> 1 | E5: =COUNTIFS(Fixtures!$H$2:$H$2102,A5,Fixtures!$I$2:$I$2102,"A") -> 0 | F5: =COUNTIFS(Fixtures!$H$2:$H$2102,A5,Fixtures!$I$2:$I$2102,"N") -> 0 | G5: =IF(E5=0,"",_xlfn.MINIFS(Fixtures!$A$2:$A$2102,Fixtures!$H$2:$H$2102,A5,Fixtures!$I$2:$I$2102,"A")) | H5: =IF(E5=0,"",_xlfn.MAXIFS(Fixtures!$A$2:$A$2102,Fixtures!$H$2:$H$2102,A5,Fixtures!$I$2:$I$2102,"A")) | J5: Different club from "Wimbledon" — keep separate.
A6: AIK Solna | B6: AIK Solna | C6: =COUNTIF(Fixtures!$H$2:$H$2102,A6) -> 2 | D6: =COUNTIFS(Fixtures!$H$2:$H$2102,A6,Fixtures!$I$2:$I$2102,"H") -> 1 | E6: =COUNTIFS(Fixtures!$H$2:$H$2102,A6,Fixtures!$I$2:$I$2102,"A") -> 1 | F6: =COUNTIFS(Fixtures!$H$2:$H$2102,A6,Fixtures!$I$2:$I$2102,"N") -> 0 | G6: =IF(E6=0,"",_xlfn.MINIFS(Fixtures!$A$2:$A$2102,Fixtures!$H$2:$H$2102,A6,Fixtures!$I$2:$I$2102,"A")) -> 36466 | H6: =IF(E6=0,"",_xlfn.MAXIFS(Fixtures!$A$2:$A$2102,Fixtures!$H$2:$H$2102,A6,Fixtures!$I$2:$I$2102,"A")) -> 36466 | I6: 1999/00
A7: Ajax | B7: Ajax | C7: =COUNTIF(Fixtures!$H$2:$H$2102,A7) -> 4 | D7: =COUNTIFS(Fixtures!$H$2:$H$2102,A7,Fixtures!$I$2:$I$2102,"H") -> 2 | E7: =COUNTIFS(Fixtures!$H$2:$H$2102,A7,Fixtures!$I$2:$I$2102,"A") -> 2 | F7: =COUNTIFS(Fixtures!$H$2:$H$2102,A7,Fixtures!$I$2:$I$2102,"N") -> 0 | G7: =IF(E7=0,"",_xlfn.MINIFS(Fixtures!$A$2:$A$2102,Fixtures!$H$2:$H$2102,A7,Fixtures!$I$2:$I$2102,"A")) -> 37678 | H7: =IF(E7=0,"",_xlfn.MAXIFS(Fixtures!$A$2:$A$2102,Fixtures!$H$2:$H$2102,A7,Fixtures!$I$2:$I$2102,"A")) -> 38622 | I7: 2002/03, 2005/06
A8: Anderlecht | B8: Anderlecht | C8: =COUNTIF(Fixtures!$H$2:$H$2102,A8) -> 2 | D8: =COUNTIFS(Fixtures!$H$2:$H$2102,A8,Fixtures!$I$2:$I$2102,"H") -> 1 | E8: =COUNTIFS(Fixtures!$H$2:$H$2102,A8,Fixtures!$I$2:$I$2102,"A") -> 1 | F8: =COUNTIFS(Fixtures!$H$2:$H$2102,A8,Fixtures!$I$2:$I$2102,"N") -> 0 | G8: =IF(E8=0,"",_xlfn.MINIFS(Fixtures!$A$2:$A$2102,Fixtures!$H$2:$H$2102,A8,Fixtures!$I$2:$I$2102,"A")) -> 41934 | H8: =IF(E8=0,"",_xlfn.MAXIFS(Fixtures!$A$2:$A$2102,Fixtures!$H$2:$H$2102,A8,Fixtures!$I$2:$I$2102,"A")) -> 41934 | I8: 2014/15
A9: AS Monaco | B9: AS Monaco | C9: =COUNTIF(Fixtures!$H$2:$H$2102,A9) -> 3 | D9: =COUNTIFS(Fixtures!$H$2:$H$2102,A9,Fixtures!$I$2:$I$2102,"H") -> 2 | E9: =COUNTIFS(Fixtures!$H$2:$H$2102,A9,Fixtures!$I$2:$I$2102,"A") -> 1 | F9: =COUNTIFS(Fixtures!$H$2:$H$2102,A9,Fixtures!$I$2:$I$2102,"N") -> 0 | G9: =IF(E9=0,"",_xlfn.MINIFS(Fixtures!$A$2:$A$2102,Fixtures!$H$2:$H$2102,A9,Fixtures!$I$2:$I$2102,"A")) -> 42080 | H9: =IF(E9=0,"",_xlfn.MAXIFS(Fixtures!$A$2:$A$2102,Fixtures!$H$2:$H$2102,A9,Fixtures!$I$2:$I$2102,"A")) -> 42080 | I9: 2014/15
A10: AS Roma | B10: AS Roma | C10: =COUNTIF(Fixtures!$H$2:$H$2102,A10) -> 4 | D10: =COUNTIFS(Fixtures!$H$2:$H$2102,A10,Fixtures!$I$2:$I$2102,"H") -> 2 | E10: =COUNTIFS(Fixtures!$H$2:$H$2102,A10,Fixtures!$I$2:$I$2102,"A") -> 2 | F10: =COUNTIFS(Fixtures!$H$2:$H$2102,A10,Fixtures!$I$2:$I$2102,"N") -> 0 | G10: =IF(E10=0,"",_xlfn.MINIFS(Fixtures!$A$2:$A$2102,Fixtures!$H$2:$H$2102,A10,Fixtures!$I$2:$I$2102,"A")) -> 37587 | H10: =IF(E10=0,"",_xlfn.MAXIFS(Fixtures!$A$2:$A$2102,Fixtures!$H$2:$H$2102,A10,Fixtures!$I$2:$I$2102,"A")) -> 39883 | I10: 2002/03, 2008/09
A11: Aston Villa | B11: Aston Villa | C11: =COUNTIF(Fixtures!$H$2:$H$2102,A11) -> 75 | D11: =COUNTIFS(Fixtures!$H$2:$H$2102,A11,Fixtures!$I$2:$I$2102,"H") -> 38 | E11: =COUNTIFS(Fixtures!$H$2:$H$2102,A11,Fixtures!$I$2:$I$2102,"A") -> 36 | F11: =COUNTIFS(Fixtures!$H$2:$H$2102,A11,Fixtures!$I$2:$I$2102,"N") -> 1 | G11: =IF(E11=0,"",_xlfn.MINIFS(Fixtures!$A$2:$A$2102,Fixtures!$H$2:$H$2102,A11,Fixtures!$I$2:$I$2102,"A")) -> 32508 | H11: =IF(E11=0,"",_xlfn.MAXIFS(Fixtures!$A$2:$A$2102,Fixtures!$H$2:$H$2102,A11,Fixtures!$I$2:$I$2102,"A")) -> 45997 | I11: 1988/89, 1989/90, 1990/91, 1991/92, 1992/93, 1993/94, 1994/95, 1995/96, 1996/97, 1997/98, 1998/99, 1999/00, 2000/01, 2001/02, 2002/03, 2003/04, 2004/05, 2005/06, 2006/07, 2007/08, 2008/09, 2009/10, 2010/11, 2011/12, 2012/13, 2013/14, 2014/15, 2015/16, 2019/20, 2020/21, 2021/22, 2022/23, 2023/24, 2024/25, 2025/26
A12: Atalanta | B12: Atalanta | C12: =COUNTIF(Fixtures!$H$2:$H$2102,A12) -> 1 | D12: =COUNTIFS(Fixtures!$H$2:$H$2102,A12,Fixtures!$I$2:$I$2102,"H") -> 0 | E12: =COUNTIFS(Fixtures!$H$2:$H$2102,A12,Fixtures!$I$2:$I$2102,"A") -> 1 | F12: =COUNTIFS(Fixtures!$H$2:$H$2102,A12,Fixtures!$I$2:$I$2102,"N") -> 0 | G12: =IF(E12=0,"",_xlfn.MINIFS(Fixtures!$A$2:$A$2102,Fixtures!$H$2:$H$2102,A12,Fixtures!$I$2:$I$2102,"A")) -> 45554 | H12: =IF(E12=0,"",_xlfn.MAXIFS(Fixtures!$A$2:$A$2102,Fixtures!$H$2:$H$2102,A12,Fixtures!$I$2:$I$2102,"A")) -> 45554 | I12: 2024/25
A13: Athletic Bilbao | B13: Athletic Bilbao | C13: =COUNTIF(Fixtures!$H$2:$H$2102,A13) -> 1 | D13: =COUNTIFS(Fixtures!$H$2:$H$2102,A13,Fixtures!$I$2:$I$2102,"H") -> 0 | E13: =COUNTIFS(Fixtures!$H$2:$H$2102,A13,Fixtures!$I$2:$I$2102,"A") -> 1 | F13: =COUNTIFS(Fixtures!$H$2:$H$2102,A13,Fixtures!$I$2:$I$2102,"N") -> 0 | G13: =IF(E13=0,"",_xlfn.MINIFS(Fixtures!$A$2:$A$2102,Fixtures!$H$2:$H$2102,A13,Fixtures!$I$2:$I$2102,"A")) -> 45916 | H13: =IF(E13=0,"",_xlfn.MAXIFS(Fixtures!$A$2:$A$2102,Fixtures!$H$2:$H$2102,A13,Fixtures!$I$2:$I$2102,"A")) -> 45916 | I13: 2025/26
A14: Atletico Madrid | B14: Atletico Madrid | C14: =COUNTIF(Fixtures!$H$2:$H$2102,A14) -> 3 | D14: =COUNTIFS(Fixtures!$H$2:$H$2102,A14,Fixtures!$I$2:$I$2102,"H") -> 2 | E14: =COUNTIFS(Fixtures!$H$2:$H$2102,A14,Fixtures!$I$2:$I$2102,"A") -> 1 | F14: =COUNTIFS(Fixtures!$H$2:$H$2102,A14,Fixtures!$I$2:$I$2102,"N") -> 0 | G14: =IF(E14=0,"",_xlfn.MINIFS(Fixtures!$A$2:$A$2102,Fixtures!$H$2:$H$2102,A14,Fixtures!$I$2:$I$2102,"A")) -> 46141 | H14: =IF(E14=0,"",_xlfn.MAXIFS(Fixtures!$A$2:$A$2102,Fixtures!$H$2:$H$2102,A14,Fixtures!$I$2:$I$2102,"A")) -> 46141 | I14: 2025/26 | J14: Duplicate of "Atlético Madrid". Metropolitano for both away games here.
A15: Atlético Madrid | B15: Atletico Madrid | C15: =COUNTIF(Fixtures!$H$2:$H$2102,A15) -> 2 | D15: =COUNTIFS(Fixtures!$H$2:$H$2102,A15,Fixtures!$I$2:$I$2102,"H") -> 1 | E15: =COUNTIFS(Fixtures!$H$2:$H$2102,A15,Fixtures!$I$2:$I$2102,"A") -> 1 | F15: =COUNTIFS(Fixtures!$H$2:$H$2102,A15,Fixtures!$I$2:$I$2102,"N") -> 0 | G15: =IF(E15=0,"",_xlfn.MINIFS(Fixtures!$A$2:$A$2102,Fixtures!$H$2:$H$2102,A15,Fixtures!$I$2:$I$2102,"A")) -> 43223 | H15: =IF(E15=0,"",_xlfn.MAXIFS(Fixtures!$A$2:$A$2102,Fixtures!$H$2:$H$2102,A15,Fixtures!$I$2:$I$2102,"A")) -> 43223 | I15: 2017/18 | J15: See "Atletico Madrid" — duplicate name.
A16: Austria Wien | B16: Austria Wien | C16: =COUNTIF(Fixtures!$H$2:$H$2102,A16) -> 2 | D16: =COUNTIFS(Fixtures!$H$2:$H$2102,A16,Fixtures!$I$2:$I$2102,"H") -> 1 | E16: =COUNTIFS(Fixtures!$H$2:$H$2102,A16,Fixtures!$I$2:$I$2102,"A") -> 1 | F16: =COUNTIFS(Fixtures!$H$2:$H$2102,A16,Fixtures!$I$2:$I$2102,"N") -> 0 | G16: =IF(E16=0,"",_xlfn.MINIFS(Fixtures!$A$2:$A$2102,Fixtures!$H$2:$H$2102,A16,Fixtures!$I$2:$I$2102,"A")) -> 33513 | H16: =IF(E16=0,"",_xlfn.MAXIFS(Fixtures!$A$2:$A$2102,Fixtures!$H$2:$H$2102,A16,Fixtures!$I$2:$I$2102,"A")) -> 33513 | I16: 1991/92
A17: Auxerre | B17: Auxerre | C17: =COUNTIF(Fixtures!$H$2:$H$2102,A17) -> 4 | D17: =COUNTIFS(Fixtures!$H$2:$H$2102,A17,Fixtures!$I$2:$I$2102,"H") -> 2 | E17: =COUNTIFS(Fixtures!$H$2:$H$2102,A17,Fixtures!$I$2:$I$2102,"A") -> 2 | F17: =COUNTIFS(Fixtures!$H$2:$H$2102,A17,Fixtures!$I$2:$I$2102,"N") -> 0 | G17: =IF(E17=0,"",_xlfn.MINIFS(Fixtures!$A$2:$A$2102,Fixtures!$H$2:$H$2102,A17,Fixtures!$I$2:$I$2102,"A")) -> 34774 | H17: =IF(E17=0,"",_xlfn.MAXIFS(Fixtures!$A$2:$A$2102,Fixtures!$H$2:$H$2102,A17,Fixtures!$I$2:$I$2102,"A")) -> 37531 | I17: 1994/95, 2002/03
A18: AZ Alkmaar | B18: AZ Alkmaar | C18: =COUNTIF(Fixtures!$H$2:$H$2102,A18) -> 2 | D18: =COUNTIFS(Fixtures!$H$2:$H$2102,A18,Fixtures!$I$2:$I$2102,"H") -> 1 | E18: =COUNTIFS(Fixtures!$H$2:$H$2102,A18,Fixtures!$I$2:$I$2102,"A") -> 1 | F18: =COUNTIFS(Fixtures!$H$2:$H$2102,A18,Fixtures!$I$2:$I$2102,"N") -> 0 | G18: =IF(E18=0,"",_xlfn.MINIFS(Fixtures!$A$2:$A$2102,Fixtures!$H$2:$H$2102,A18,Fixtures!$I$2:$I$2102,"A")) -> 40106 | H18: =IF(E18=0,"",_xlfn.MAXIFS(Fixtures!$A$2:$A$2102,Fixtures!$H$2:$H$2102,A18,Fixtures!$I$2:$I$2102,"A")) -> 40106 | I18: 2009/10
A19: Barcelona | B19: Barcelona | C19: =COUNTIF(Fixtures!$H$2:$H$2102,A19) -> 9 | D19: =COUNTIFS(Fixtures!$H$2:$H$2102,A19,Fixtures!$I$2:$I$2102,"H") -> 4 | E19: =COUNTIFS(Fixtures!$H$2:$H$2102,A19,Fixtures!$I$2:$I$2102,"A") -> 4 | F19: =COUNTIFS(Fixtures!$H$2:$H$2102,A19,Fixtures!$I$2:$I$2102,"N") -> 1 | G19: =IF(E19=0,"",_xlfn.MINIFS(Fixtures!$A$2:$A$2102,Fixtures!$H$2:$H$2102,A19,Fixtures!$I$2:$I$2102,"A")) -> 36432 | H19: =IF(E19=0,"",_xlfn.MAXIFS(Fixtures!$A$2:$A$2102,Fixtures!$H$2:$H$2102,A19,Fixtures!$I$2:$I$2102,"A")) -> 42445 | I19: 1999/00, 2009/10, 2010/11, 2015/16 | J19: Camp Nou for all away games here. Arsenal's 1999/00 home game was at Wembley.
A20: Barnsley | B20: Barnsley | C20: =COUNTIF(Fixtures!$H$2:$H$2102,A20) -> 3 | D20: =COUNTIFS(Fixtures!$H$2:$H$2102,A20,Fixtures!$I$2:$I$2102,"H") -> 1 | E20: =COUNTIFS(Fixtures!$H$2:$H$2102,A20,Fixtures!$I$2:$I$2102,"A") -> 2 | F20: =COUNTIFS(Fixtures!$H$2:$H$2102,A20,Fixtures!$I$2:$I$2102,"N") -> 0 | G20: =IF(E20=0,"",_xlfn.MINIFS(Fixtures!$A$2:$A$2102,Fixtures!$H$2:$H$2102,A20,Fixtures!$I$2:$I$2102,"A")) -> 34996 | H20: =IF(E20=0,"",_xlfn.MAXIFS(Fixtures!$A$2:$A$2102,Fixtures!$H$2:$H$2102,A20,Fixtures!$I$2:$I$2102,"A")) -> 35910 | I20: 1995/96, 1997/98
A21: Bayer Leverkusen | B21: Bayer Leverkusen | C21: =COUNTIF(Fixtures!$H$2:$H$2102,A21) -> 4 | D21: =COUNTIFS(Fixtures!$H$2:$H$2102,A21,Fixtures!$I$2:$I$2102,"H") -> 2 | E21: =COUNTIFS(Fixtures!$H$2:$H$2102,A21,Fixtures!$I$2:$I$2102,"A") -> 2 | F21: =COUNTIFS(Fixtures!$H$2:$H$2102,A21,Fixtures!$I$2:$I$2102,"N") -> 0 | G21: =IF(E21=0,"",_xlfn.MINIFS(Fixtures!$A$2:$A$2102,Fixtures!$H$2:$H$2102,A21,Fixtures!$I$2:$I$2102,"A")) -> 37306 | H21: =IF(E21=0,"",_xlfn.MAXIFS(Fixtures!$A$2:$A$2102,Fixtures!$H$2:$H$2102,A21,Fixtures!$I$2:$I$2102,"A")) -> 46092 | I21: 2001/02, 2025/26
A22: Bayern Munchen | B22: Bayern Munchen | C22: =COUNTIF(Fixtures!$H$2:$H$2102,A22) -> 11 | D22: =COUNTIFS(Fixtures!$H$2:$H$2102,A22,Fixtures!$I$2:$I$2102,"H") -> 6 | E22: =COUNTIFS(Fixtures!$H$2:$H$2102,A22,Fixtures!$I$2:$I$2102,"A") -> 5 | F22: =COUNTIFS(Fixtures!$H$2:$H$2102,A22,Fixtures!$I$2:$I$2102,"N") -> 0 | G22: =IF(E22=0,"",_xlfn.MINIFS(Fixtures!$A$2:$A$2102,Fixtures!$H$2:$H$2102,A22,Fixtures!$I$2:$I$2102,"A")) -> 38405 | H22: =IF(E22=0,"",_xlfn.MAXIFS(Fixtures!$A$2:$A$2102,Fixtures!$H$2:$H$2102,A22,Fixtures!$I$2:$I$2102,"A")) -> 45399 | I22: 2004/05, 2012/13, 2013/14, 2015/16, 2023/24 | J22: Olympiastadion until 2004/05; Allianz Arena from 2005/06. Same club as "Bayern München".
A23: Bayern München | B23: Bayern Munchen | C23: =COUNTIF(Fixtures!$H$2:$H$2102,A23) -> 4 | D23: =COUNTIFS(Fixtures!$H$2:$H$2102,A23,Fixtures!$I$2:$I$2102,"H") -> 2 | E23: =COUNTIFS(Fixtures!$H$2:$H$2102,A23,Fixtures!$I$2:$I$2102,"A") -> 2 | F23: =COUNTIFS(Fixtures!$H$2:$H$2102,A23,Fixtures!$I$2:$I$2102,"N") -> 0 | G23: =IF(E23=0,"",_xlfn.MINIFS(Fixtures!$A$2:$A$2102,Fixtures!$H$2:$H$2102,A23,Fixtures!$I$2:$I$2102,"A")) -> 36964 | H23: =IF(E23=0,"",_xlfn.MAXIFS(Fixtures!$A$2:$A$2102,Fixtures!$H$2:$H$2102,A23,Fixtures!$I$2:$I$2102,"A")) -> 42781 | I23: 2000/01, 2016/17 | J23: See "Bayern Munchen" — duplicate name.
A24: Benfica | B24: Benfica | C24: =COUNTIF(Fixtures!$H$2:$H$2102,A24) -> 4 | D24: =COUNTIFS(Fixtures!$H$2:$H$2102,A24,Fixtures!$I$2:$I$2102,"H") -> 2 | E24: =COUNTIFS(Fixtures!$H$2:$H$2102,A24,Fixtures!$I$2:$I$2102,"A") -> 2 | F24: =COUNTIFS(Fixtures!$H$2:$H$2102,A24,Fixtures!$I$2:$I$2102,"N") -> 0 | G24: =IF(E24=0,"",_xlfn.MINIFS(Fixtures!$A$2:$A$2102,Fixtures!$H$2:$H$2102,A24,Fixtures!$I$2:$I$2102,"A")) -> 33534 | H24: =IF(E24=0,"",_xlfn.MAXIFS(Fixtures!$A$2:$A$2102,Fixtures!$H$2:$H$2102,A24,Fixtures!$I$2:$I$2102,"A")) -> 44245 | I24: 1991/92, 2020/21 | J24: 1991/92 at the old Estádio da Luz. 2020/21 "home" leg played in Rome (Stadio Olimpico).
A25: Besiktas | B25: Besiktas | C25: =COUNTIF(Fixtures!$H$2:$H$2102,A25) -> 2 | D25: =COUNTIFS(Fixtures!$H$2:$H$2102,A25,Fixtures!$I$2:$I$2102,"H") -> 1 | E25: =COUNTIFS(Fixtures!$H$2:$H$2102,A25,Fixtures!$I$2:$I$2102,"A") -> 1 | F25: =COUNTIFS(Fixtures!$H$2:$H$2102,A25,Fixtures!$I$2:$I$2102,"N") -> 0 | G25: =IF(E25=0,"",_xlfn.MINIFS(Fixtures!$A$2:$A$2102,Fixtures!$H$2:$H$2102,A25,Fixtures!$I$2:$I$2102,"A")) -> 41870 | H25: =IF(E25=0,"",_xlfn.MAXIFS(Fixtures!$A$2:$A$2102,Fixtures!$H$2:$H$2102,A25,Fixtures!$I$2:$I$2102,"A")) -> 41870 | I25: 2014/15 | J25: Aug 2014 home leg believed played at Atatürk Olympic Stadium (Inönü being rebuilt) — verify.
A26: Birmingham City | B26: Birmingham City | C26: =COUNTIF(Fixtures!$H$2:$H$2102,A26) -> 16 | D26: =COUNTIFS(Fixtures!$H$2:$H$2102,A26,Fixtures!$I$2:$I$2102,"H") -> 8 | E26: =COUNTIFS(Fixtures!$H$2:$H$2102,A26,Fixtures!$I$2:$I$2102,"A") -> 7 | F26: =COUNTIFS(Fixtures!$H$2:$H$2102,A26,Fixtures!$I$2:$I$2102,"N") -> 1 | G26: =IF(E26=0,"",_xlfn.MINIFS(Fixtures!$A$2:$A$2102,Fixtures!$H$2:$H$2102,A26,Fixtures!$I$2:$I$2102,"A")) -> 37633 | H26: =IF(E26=0,"",_xlfn.MAXIFS(Fixtures!$A$2:$A$2102,Fixtures!$H$2:$H$2102,A26,Fixtures!$I$2:$I$2102,"A")) -> 40544 | I26: 2002/03, 2003/04, 2004/05, 2005/06, 2007/08, 2009/10, 2010/11
A27: Blackburn Rovers | B27: Blackburn Rovers | C27: =COUNTIF(Fixtures!$H$2:$H$2102,A27) -> 43 | D27: =COUNTIFS(Fixtures!$H$2:$H$2102,A27,Fixtures!$I$2:$I$2102,"H") -> 21 | E27: =COUNTIFS(Fixtures!$H$2:$H$2102,A27,Fixtures!$I$2:$I$2102,"A") -> 21 | F27: =COUNTIFS(Fixtures!$H$2:$H$2102,A27,Fixtures!$I$2:$I$2102,"N") -> 1 | G27: =IF(E27=0,"",_xlfn.MINIFS(Fixtures!$A$2:$A$2102,Fixtures!$H$2:$H$2102,A27,Fixtures!$I$2:$I$2102,"A")) -> 33834 | H27: =IF(E27=0,"",_xlfn.MAXIFS(Fixtures!$A$2:$A$2102,Fixtures!$H$2:$H$2102,A27,Fixtures!$I$2:$I$2102,"A")) -> 40803 | I27: 1992/93, 1993/94, 1994/95, 1995/96, 1996/97, 1997/98, 1998/99, 2001/02, 2002/03, 2003/04, 2004/05, 2005/06, 2006/07, 2007/08, 2008/09, 2009/10, 2010/11, 2011/12
A28: Blackpool | B28: Blackpool | C28: =COUNTIF(Fixtures!$H$2:$H$2102,A28) -> 5 | D28: =COUNTIFS(Fixtures!$H$2:$H$2102,A28,Fixtures!$I$2:$I$2102,"H") -> 3 | E28: =COUNTIFS(Fixtures!$H$2:$H$2102,A28,Fixtures!$I$2:$I$2102,"A") -> 2 | F28: =COUNTIFS(Fixtures!$H$2:$H$2102,A28,Fixtures!$I$2:$I$2102,"N") -> 0 | G28: =IF(E28=0,"",_xlfn.MINIFS(Fixtures!$A$2:$A$2102,Fixtures!$H$2:$H$2102,A28,Fixtures!$I$2:$I$2102,"A")) -> 40643 | H28: =IF(E28=0,"",_xlfn.MAXIFS(Fixtures!$A$2:$A$2102,Fixtures!$H$2:$H$2102,A28,Fixtures!$I$2:$I$2102,"A")) -> 43470 | I28: 2010/11, 2018/19
A29: Bolton Wanderers | B29: Bolton Wanderers | C29: =COUNTIF(Fixtures!$H$2:$H$2102,A29) -> 34 | D29: =COUNTIFS(Fixtures!$H$2:$H$2102,A29,Fixtures!$I$2:$I$2102,"H") -> 17 | E29: =COUNTIFS(Fixtures!$H$2:$H$2102,A29,Fixtures!$I$2:$I$2102,"A") -> 17 | F29: =COUNTIFS(Fixtures!$H$2:$H$2102,A29,Fixtures!$I$2:$I$2102,"N") -> 0 | G29: =IF(E29=0,"",_xlfn.MINIFS(Fixtures!$A$2:$A$2102,Fixtures!$H$2:$H$2102,A29,Fixtures!$I$2:$I$2102,"A")) -> 34365 | H29: =IF(E29=0,"",_xlfn.MAXIFS(Fixtures!$A$2:$A$2102,Fixtures!$H$2:$H$2102,A29,Fixtures!$I$2:$I$2102,"A")) -> 40940 | I29: 1993/94, 1995/96, 1997/98, 2001/02, 2002/03, 2003/04, 2004/05, 2005/06, 2006/07, 2007/08, 2008/09, 2009/10, 2010/11, 2011/12 | J29: Burnden Park until 1996/97; Reebok Stadium (now Toughsheet) from 1997/98.
A30: Borussia Dortmund | B30: Borussia Dortmund | C30: =COUNTIF(Fixtures!$H$2:$H$2102,A30) -> 8 | D30: =COUNTIFS(Fixtures!$H$2:$H$2102,A30,Fixtures!$I$2:$I$2102,"H") -> 4 | E30: =COUNTIFS(Fixtures!$H$2:$H$2102,A30,Fixtures!$I$2:$I$2102,"A") -> 4 | F30: =COUNTIFS(Fixtures!$H$2:$H$2102,A30,Fixtures!$I$2:$I$2102,"N") -> 0 | G30: =IF(E30=0,"",_xlfn.MINIFS(Fixtures!$A$2:$A$2102,Fixtures!$H$2:$H$2102,A30,Fixtures!$I$2:$I$2102,"A")) -> 37559 | H30: =IF(E30=0,"",_xlfn.MAXIFS(Fixtures!$A$2:$A$2102,Fixtures!$H$2:$H$2102,A30,Fixtures!$I$2:$I$2102,"A")) -> 41898 | I30: 2002/03, 2011/12, 2013/14, 2014/15
A31: Borussia Mönchengladbach | B31: Borussia Mönchengladbach | C31: =COUNTIF(Fixtures!$H$2:$H$2102,A31) -> 2 | D31: =COUNTIFS(Fixtures!$H$2:$H$2102,A31,Fixtures!$I$2:$I$2102,"H") -> 1 | E31: =COUNTIFS(Fixtures!$H$2:$H$2102,A31,Fixtures!$I$2:$I$2102,"A") -> 1 | F31: =COUNTIFS(Fixtures!$H$2:$H$2102,A31,Fixtures!$I$2:$I$2102,"N") -> 0 | G31: =IF(E31=0,"",_xlfn.MINIFS(Fixtures!$A$2:$A$2102,Fixtures!$H$2:$H$2102,A31,Fixtures!$I$2:$I$2102,"A")) -> 35333 | H31: =IF(E31=0,"",_xlfn.MAXIFS(Fixtures!$A$2:$A$2102,Fixtures!$H$2:$H$2102,A31,Fixtures!$I$2:$I$2102,"A")) -> 35333 | I31: 1996/97
A32: Bradford City | B32: Bradford City | C32: =COUNTIF(Fixtures!$H$2:$H$2102,A32) -> 5 | D32: =COUNTIFS(Fixtures!$H$2:$H$2102,A32,Fixtures!$I$2:$I$2102,"H") -> 2 | E32: =COUNTIFS(Fixtures!$H$2:$H$2102,A32,Fixtures!$I$2:$I$2102,"A") -> 3 | F32: =COUNTIFS(Fixtures!$H$2:$H$2102,A32,Fixtures!$I$2:$I$2102,"N") -> 0 | G32: =IF(E32=0,"",_xlfn.MINIFS(Fixtures!$A$2:$A$2102,Fixtures!$H$2:$H$2102,A32,Fixtures!$I$2:$I$2102,"A")) -> 36561 | H32: =IF(E32=0,"",_xlfn.MAXIFS(Fixtures!$A$2:$A$2102,Fixtures!$H$2:$H$2102,A32,Fixtures!$I$2:$I$2102,"A")) -> 41254 | I32: 1999/00, 2000/01, 2012/13
A33: Brentford | B33: Brentford | C33: =COUNTIF(Fixtures!$H$2:$H$2102,A33) -> 12 | D33: =COUNTIFS(Fixtures!$H$2:$H$2102,A33,Fixtures!$I$2:$I$2102,"H") -> 6 | E33: =COUNTIFS(Fixtures!$H$2:$H$2102,A33,Fixtures!$I$2:$I$2102,"A") -> 6 | F33: =COUNTIFS(Fixtures!$H$2:$H$2102,A33,Fixtures!$I$2:$I$2102,"N") -> 0 | G33: =IF(E33=0,"",_xlfn.MINIFS(Fixtures!$A$2:$A$2102,Fixtures!$H$2:$H$2102,A33,Fixtures!$I$2:$I$2102,"A")) -> 44421 | H33: =IF(E33=0,"",_xlfn.MAXIFS(Fixtures!$A$2:$A$2102,Fixtures!$H$2:$H$2102,A33,Fixtures!$I$2:$I$2102,"A")) -> 46065 | I33: 2021/22, 2022/23, 2023/24, 2024/25, 2025/26
A34: Brighton and Hove Albion | B34: Brighton and Hove Albion | C34: =COUNTIF(Fixtures!$H$2:$H$2102,A34) -> 22 | D34: =COUNTIFS(Fixtures!$H$2:$H$2102,A34,Fixtures!$I$2:$I$2102,"H") -> 11 | E34: =COUNTIFS(Fixtures!$H$2:$H$2102,A34,Fixtures!$I$2:$I$2102,"A") -> 11 | F34: =COUNTIFS(Fixtures!$H$2:$H$2102,A34,Fixtures!$I$2:$I$2102,"N") -> 0 | G34: =IF(E34=0,"",_xlfn.MINIFS(Fixtures!$A$2:$A$2102,Fixtures!$H$2:$H$2102,A34,Fixtures!$I$2:$I$2102,"A")) -> 41300 | H34: =IF(E34=0,"",_xlfn.MAXIFS(Fixtures!$A$2:$A$2102,Fixtures!$H$2:$H$2102,A34,Fixtures!$I$2:$I$2102,"A")) -> 46085 | I34: 2012/13, 2014/15, 2017/18, 2018/19, 2019/20, 2020/21, 2021/22, 2022/23, 2023/24, 2024/25, 2025/26
A35: Brøndby | B35: Brøndby | C35: =COUNTIF(Fixtures!$H$2:$H$2102,A35) -> 2 | D35: =COUNTIFS(Fixtures!$H$2:$H$2102,A35,Fixtures!$I$2:$I$2102,"H") -> 1 | E35: =COUNTIFS(Fixtures!$H$2:$H$2102,A35,Fixtures!$I$2:$I$2102,"A") -> 1 | F35: =COUNTIFS(Fixtures!$H$2:$H$2102,A35,Fixtures!$I$2:$I$2102,"N") -> 0 | G35: =IF(E35=0,"",_xlfn.MINIFS(Fixtures!$A$2:$A$2102,Fixtures!$H$2:$H$2102,A35,Fixtures!$I$2:$I$2102,"A")) -> 34627 | H35: =IF(E35=0,"",_xlfn.MAXIFS(Fixtures!$A$2:$A$2102,Fixtures!$H$2:$H$2102,A35,Fixtures!$I$2:$I$2102,"A")) -> 34627 | I35: 1994/95
A36: Burnley | B36: Burnley | C36: =COUNTIF(Fixtures!$H$2:$H$2102,A36) -> 24 | D36: =COUNTIFS(Fixtures!$H$2:$H$2102,A36,Fixtures!$I$2:$I$2102,"H") -> 12 | E36: =COUNTIFS(Fixtures!$H$2:$H$2102,A36,Fixtures!$I$2:$I$2102,"A") -> 12 | F36: =COUNTIFS(Fixtures!$H$2:$H$2102,A36,Fixtures!$I$2:$I$2102,"N") -> 0 | G36: =IF(E36=0,"",_xlfn.MINIFS(Fixtures!$A$2:$A$2102,Fixtures!$H$2:$H$2102,A36,Fixtures!$I$2:$I$2102,"A")) -> 39453 | H36: =IF(E36=0,"",_xlfn.MAXIFS(Fixtures!$A$2:$A$2102,Fixtures!$H$2:$H$2102,A36,Fixtures!$I$2:$I$2102,"A")) -> 45962 | I36: 2007/08, 2008/09, 2009/10, 2014/15, 2016/17, 2017/18, 2018/19, 2019/20, 2020/21, 2021/22, 2023/24, 2025/26
A37: Cambridge United | B37: Cambridge United | C37: =COUNTIF(Fixtures!$H$2:$H$2102,A37) -> 1 | D37: =COUNTIFS(Fixtures!$H$2:$H$2102,A37,Fixtures!$I$2:$I$2102,"H") -> 1 | E37: =COUNTIFS(Fixtures!$H$2:$H$2102,A37,Fixtures!$I$2:$I$2102,"A") -> 0 | F37: =COUNTIFS(Fixtures!$H$2:$H$2102,A37,Fixtures!$I$2:$I$2102,"N") -> 0 | G37: =IF(E37=0,"",_xlfn.MINIFS(Fixtures!$A$2:$A$2102,Fixtures!$H$2:$H$2102,A37,Fixtures!$I$2:$I$2102,"A")) | H37: =IF(E37=0,"",_xlfn.MAXIFS(Fixtures!$A$2:$A$2102,Fixtures!$H$2:$H$2102,A37,Fixtures!$I$2:$I$2102,"A"))
A38: Cardiff City | B38: Cardiff City | C38: =COUNTIF(Fixtures!$H$2:$H$2102,A38) -> 7 | D38: =COUNTIFS(Fixtures!$H$2:$H$2102,A38,Fixtures!$I$2:$I$2102,"H") -> 4 | E38: =COUNTIFS(Fixtures!$H$2:$H$2102,A38,Fixtures!$I$2:$I$2102,"A") -> 3 | F38: =COUNTIFS(Fixtures!$H$2:$H$2102,A38,Fixtures!$I$2:$I$2102,"N") -> 0 | G38: =IF(E38=0,"",_xlfn.MINIFS(Fixtures!$A$2:$A$2102,Fixtures!$H$2:$H$2102,A38,Fixtures!$I$2:$I$2102,"A")) -> 39838 | H38: =IF(E38=0,"",_xlfn.MAXIFS(Fixtures!$A$2:$A$2102,Fixtures!$H$2:$H$2102,A38,Fixtures!$I$2:$I$2102,"A")) -> 43345 | I38: 2008/09, 2013/14, 2018/19 | J38: Ninian Park for 2008/09 (FA Cup); Cardiff City Stadium from 2009.
A39: Carlisle United | B39: Carlisle United | C39: =COUNTIF(Fixtures!$H$2:$H$2102,A39) -> 1 | D39: =COUNTIFS(Fixtures!$H$2:$H$2102,A39,Fixtures!$I$2:$I$2102,"H") -> 0 | E39: =COUNTIFS(Fixtures!$H$2:$H$2102,A39,Fixtures!$I$2:$I$2102,"A") -> 1 | F39: =COUNTIFS(Fixtures!$H$2:$H$2102,A39,Fixtures!$I$2:$I$2102,"N") -> 0 | G39: =IF(E39=0,"",_xlfn.MINIFS(Fixtures!$A$2:$A$2102,Fixtures!$H$2:$H$2102,A39,Fixtures!$I$2:$I$2102,"A")) -> 36897 | H39: =IF(E39=0,"",_xlfn.MAXIFS(Fixtures!$A$2:$A$2102,Fixtures!$H$2:$H$2102,A39,Fixtures!$I$2:$I$2102,"A")) -> 36897 | I39: 2000/01
A40: Celta Vigo | B40: Celta Vigo | C40: =COUNTIF(Fixtures!$H$2:$H$2102,A40) -> 2 | D40: =COUNTIFS(Fixtures!$H$2:$H$2102,A40,Fixtures!$I$2:$I$2102,"H") -> 1 | E40: =COUNTIFS(Fixtures!$H$2:$H$2102,A40,Fixtures!$I$2:$I$2102,"A") -> 1 | F40: =COUNTIFS(Fixtures!$H$2:$H$2102,A40,Fixtures!$I$2:$I$2102,"N") -> 0 | G40: =IF(E40=0,"",_xlfn.MINIFS(Fixtures!$A$2:$A$2102,Fixtures!$H$2:$H$2102,A40,Fixtures!$I$2:$I$2102,"A")) -> 38041 | H40: =IF(E40=0,"",_xlfn.MAXIFS(Fixtures!$A$2:$A$2102,Fixtures!$H$2:$H$2102,A40,Fixtures!$I$2:$I$2102,"A")) -> 38041 | I40: 2003/04
A41: Celtic | B41: Celtic | C41: =COUNTIF(Fixtures!$H$2:$H$2102,A41) -> 2 | D41: =COUNTIFS(Fixtures!$H$2:$H$2102,A41,Fixtures!$I$2:$I$2102,"H") -> 1 | E41: =COUNTIFS(Fixtures!$H$2:$H$2102,A41,Fixtures!$I$2:$I$2102,"A") -> 1 | F41: =COUNTIFS(Fixtures!$H$2:$H$2102,A41,Fixtures!$I$2:$I$2102,"N") -> 0 | G41: =IF(E41=0,"",_xlfn.MINIFS(Fixtures!$A$2:$A$2102,Fixtures!$H$2:$H$2102,A41,Fixtures!$I$2:$I$2102,"A")) -> 40043 | H41: =IF(E41=0,"",_xlfn.MAXIFS(Fixtures!$A$2:$A$2102,Fixtures!$H$2:$H$2102,A41,Fixtures!$I$2:$I$2102,"A")) -> 40043 | I41: 2009/10
A42: Charlton Athletic | B42: Charlton Athletic | C42: =COUNTIF(Fixtures!$H$2:$H$2102,A42) -> 20 | D42: =COUNTIFS(Fixtures!$H$2:$H$2102,A42,Fixtures!$I$2:$I$2102,"H") -> 10 | E42: =COUNTIFS(Fixtures!$H$2:$H$2102,A42,Fixtures!$I$2:$I$2102,"A") -> 10 | F42: =COUNTIFS(Fixtures!$H$2:$H$2102,A42,Fixtures!$I$2:$I$2102,"N") -> 0 | G42: =IF(E42=0,"",_xlfn.MINIFS(Fixtures!$A$2:$A$2102,Fixtures!$H$2:$H$2102,A42,Fixtures!$I$2:$I$2102,"A")) -> 32503 | H42: =IF(E42=0,"",_xlfn.MAXIFS(Fixtures!$A$2:$A$2102,Fixtures!$H$2:$H$2102,A42,Fixtures!$I$2:$I$2102,"A")) -> 38990 | I42: 1988/89, 1989/90, 1998/99, 2000/01, 2001/02, 2002/03, 2003/04, 2004/05, 2005/06, 2006/07 | J42: Ground-sharing at Selhurst Park in 1988/89 and 1989/90; The Valley later.
A43: Chelsea | B43: Chelsea | C43: =COUNTIF(Fixtures!$H$2:$H$2102,A43) -> 97 | D43: =COUNTIFS(Fixtures!$H$2:$H$2102,A43,Fixtures!$I$2:$I$2102,"H") -> 46 | E43: =COUNTIFS(Fixtures!$H$2:$H$2102,A43,Fixtures!$I$2:$I$2102,"A") -> 42 | F43: =COUNTIFS(Fixtures!$H$2:$H$2102,A43,Fixtures!$I$2:$I$2102,"N") -> 9 | G43: =IF(E43=0,"",_xlfn.MINIFS(Fixtures!$A$2:$A$2102,Fixtures!$H$2:$H$2102,A43,Fixtures!$I$2:$I$2102,"A")) -> 32781 | H43: =IF(E43=0,"",_xlfn.MAXIFS(Fixtures!$A$2:$A$2102,Fixtures!$H$2:$H$2102,A43,Fixtures!$I$2:$I$2102,"A")) -> 46036 | I43: 1989/90, 1990/91, 1991/92, 1992/93, 1993/94, 1994/95, 1995/96, 1996/97, 1997/98, 1998/99, 1999/00, 2000/01, 2001/02, 2002/03, 2003/04, 2004/05, 2005/06, 2006/07, 2007/08, 2008/09, 2009/10, 2010/11, 2011/12, 2012/13, 2013/14, 2014/15, 2015/16, 2016/17, 2017/18, 2018/19, 2019/20, 2020/21, 2021/22, 2022/23, 2023/24, 2024/25, 2025/26
A44: Chester City | B44: Chester City | C44: =COUNTIF(Fixtures!$H$2:$H$2102,A44) -> 2 | D44: =COUNTIFS(Fixtures!$H$2:$H$2102,A44,Fixtures!$I$2:$I$2102,"H") -> 1 | E44: =COUNTIFS(Fixtures!$H$2:$H$2102,A44,Fixtures!$I$2:$I$2102,"A") -> 1 | F44: =COUNTIFS(Fixtures!$H$2:$H$2102,A44,Fixtures!$I$2:$I$2102,"N") -> 0 | G44: =IF(E44=0,"",_xlfn.MINIFS(Fixtures!$A$2:$A$2102,Fixtures!$H$2:$H$2102,A44,Fixtures!$I$2:$I$2102,"A")) -> 33141 | H44: =IF(E44=0,"",_xlfn.MAXIFS(Fixtures!$A$2:$A$2102,Fixtures!$H$2:$H$2102,A44,Fixtures!$I$2:$I$2102,"A")) -> 33141 | I44: 1990/91 | J44: Chester were playing at Moss Rose, Macclesfield in 1990/91 — verify.
A45: Club Brugge | B45: Club Brugge | C45: =COUNTIF(Fixtures!$H$2:$H$2102,A45) -> 1 | D45: =COUNTIFS(Fixtures!$H$2:$H$2102,A45,Fixtures!$I$2:$I$2102,"H") -> 0 | E45: =COUNTIFS(Fixtures!$H$2:$H$2102,A45,Fixtures!$I$2:$I$2102,"A") -> 1 | F45: =COUNTIFS(Fixtures!$H$2:$H$2102,A45,Fixtures!$I$2:$I$2102,"N") -> 0 | G45: =IF(E45=0,"",_xlfn.MINIFS(Fixtures!$A$2:$A$2102,Fixtures!$H$2:$H$2102,A45,Fixtures!$I$2:$I$2102,"A")) -> 46001 | H45: =IF(E45=0,"",_xlfn.MAXIFS(Fixtures!$A$2:$A$2102,Fixtures!$H$2:$H$2102,A45,Fixtures!$I$2:$I$2102,"A")) -> 46001 | I45: 2025/26
A46: Coventry City | B46: Coventry City | C46: =COUNTIF(Fixtures!$H$2:$H$2102,A46) -> 30 | D46: =COUNTIFS(Fixtures!$H$2:$H$2102,A46,Fixtures!$I$2:$I$2102,"H") -> 16 | E46: =COUNTIFS(Fixtures!$H$2:$H$2102,A46,Fixtures!$I$2:$I$2102,"A") -> 14 | F46: =COUNTIFS(Fixtures!$H$2:$H$2102,A46,Fixtures!$I$2:$I$2102,"N") -> 0 | G46: =IF(E46=0,"",_xlfn.MINIFS(Fixtures!$A$2:$A$2102,Fixtures!$H$2:$H$2102,A46,Fixtures!$I$2:$I$2102,"A")) -> 32560 | H46: =IF(E46=0,"",_xlfn.MAXIFS(Fixtures!$A$2:$A$2102,Fixtures!$H$2:$H$2102,A46,Fixtures!$I$2:$I$2102,"A")) -> 36925 | I46: 1988/89, 1989/90, 1990/91, 1991/92, 1992/93, 1993/94, 1994/95, 1995/96, 1996/97, 1997/98, 1998/99, 1999/00, 2000/01
A47: Crvena Zvezda | B47: Crvena Zvezda | C47: =COUNTIF(Fixtures!$H$2:$H$2102,A47) -> 2 | D47: =COUNTIFS(Fixtures!$H$2:$H$2102,A47,Fixtures!$I$2:$I$2102,"H") -> 1 | E47: =COUNTIFS(Fixtures!$H$2:$H$2102,A47,Fixtures!$I$2:$I$2102,"A") -> 1 | F47: =COUNTIFS(Fixtures!$H$2:$H$2102,A47,Fixtures!$I$2:$I$2102,"N") -> 0 | G47: =IF(E47=0,"",_xlfn.MINIFS(Fixtures!$A$2:$A$2102,Fixtures!$H$2:$H$2102,A47,Fixtures!$I$2:$I$2102,"A")) -> 43027 | H47: =IF(E47=0,"",_xlfn.MAXIFS(Fixtures!$A$2:$A$2102,Fixtures!$H$2:$H$2102,A47,Fixtures!$I$2:$I$2102,"A")) -> 43027 | I47: 2017/18
A48: Crystal Palace | B48: Crystal Palace | C48: =COUNTIF(Fixtures!$H$2:$H$2102,A48) -> 46 | D48: =COUNTIFS(Fixtures!$H$2:$H$2102,A48,Fixtures!$I$2:$I$2102,"H") -> 24 | E48: =COUNTIFS(Fixtures!$H$2:$H$2102,A48,Fixtures!$I$2:$I$2102,"A") -> 22 | F48: =COUNTIFS(Fixtures!$H$2:$H$2102,A48,Fixtures!$I$2:$I$2102,"N") -> 0 | G48: =IF(E48=0,"",_xlfn.MINIFS(Fixtures!$A$2:$A$2102,Fixtures!$H$2:$H$2102,A48,Fixtures!$I$2:$I$2102,"A")) -> 32977 | H48: =IF(E48=0,"",_xlfn.MAXIFS(Fixtures!$A$2:$A$2102,Fixtures!$H$2:$H$2102,A48,Fixtures!$I$2:$I$2102,"A")) -> 46166 | I48: 1989/90, 1990/91, 1991/92, 1992/93, 1994/95, 1997/98, 2004/05, 2013/14, 2014/15, 2015/16, 2016/17, 2017/18, 2018/19, 2019/20, 2020/21, 2021/22, 2022/23, 2023/24, 2024/25, 2025/26
A49: CSKA Moscow | B49: CSKA Moscow | C49: =COUNTIF(Fixtures!$H$2:$H$2102,A49) -> 2 | D49: =COUNTIFS(Fixtures!$H$2:$H$2102,A49,Fixtures!$I$2:$I$2102,"H") -> 1 | E49: =COUNTIFS(Fixtures!$H$2:$H$2102,A49,Fixtures!$I$2:$I$2102,"A") -> 1 | F49: =COUNTIFS(Fixtures!$H$2:$H$2102,A49,Fixtures!$I$2:$I$2102,"N") -> 0 | G49: =IF(E49=0,"",_xlfn.MINIFS(Fixtures!$A$2:$A$2102,Fixtures!$H$2:$H$2102,A49,Fixtures!$I$2:$I$2102,"A")) -> 43202 | H49: =IF(E49=0,"",_xlfn.MAXIFS(Fixtures!$A$2:$A$2102,Fixtures!$H$2:$H$2102,A49,Fixtures!$I$2:$I$2102,"A")) -> 43202 | I49: 2017/18 | J49: Duplicate of "CSKA Moskva". Different stadiums 2006/07 vs 2017/18 — verify.
A50: CSKA Moskva | B50: CSKA Moscow | C50: =COUNTIF(Fixtures!$H$2:$H$2102,A50) -> 2 | D50: =COUNTIFS(Fixtures!$H$2:$H$2102,A50,Fixtures!$I$2:$I$2102,"H") -> 1 | E50: =COUNTIFS(Fixtures!$H$2:$H$2102,A50,Fixtures!$I$2:$I$2102,"A") -> 1 | F50: =COUNTIFS(Fixtures!$H$2:$H$2102,A50,Fixtures!$I$2:$I$2102,"N") -> 0 | G50: =IF(E50=0,"",_xlfn.MINIFS(Fixtures!$A$2:$A$2102,Fixtures!$H$2:$H$2102,A50,Fixtures!$I$2:$I$2102,"A")) -> 39007 | H50: =IF(E50=0,"",_xlfn.MAXIFS(Fixtures!$A$2:$A$2102,Fixtures!$H$2:$H$2102,A50,Fixtures!$I$2:$I$2102,"A")) -> 39007 | I50: 2006/07 | J50: See "CSKA Moscow" — duplicate name.
A51: Deportivo La Coruna | B51: Deportivo La Coruna | C51: =COUNTIF(Fixtures!$H$2:$H$2102,A51) -> 2 | D51: =COUNTIFS(Fixtures!$H$2:$H$2102,A51,Fixtures!$I$2:$I$2102,"H") -> 1 | E51: =COUNTIFS(Fixtures!$H$2:$H$2102,A51,Fixtures!$I$2:$I$2102,"A") -> 1 | F51: =COUNTIFS(Fixtures!$H$2:$H$2102,A51,Fixtures!$I$2:$I$2102,"N") -> 0 | G51: =IF(E51=0,"",_xlfn.MINIFS(Fixtures!$A$2:$A$2102,Fixtures!$H$2:$H$2102,A51,Fixtures!$I$2:$I$2102,"A")) -> 36594 | H51: =IF(E51=0,"",_xlfn.MAXIFS(Fixtures!$A$2:$A$2102,Fixtures!$H$2:$H$2102,A51,Fixtures!$I$2:$I$2102,"A")) -> 36594 | I51: 1999/00 | J51: Duplicate of "Deportivo La Coruña".
A52: Deportivo La Coruña | B52: Deportivo La Coruna | C52: =COUNTIF(Fixtures!$H$2:$H$2102,A52) -> 2 | D52: =COUNTIFS(Fixtures!$H$2:$H$2102,A52,Fixtures!$I$2:$I$2102,"H") -> 1 | E52: =COUNTIFS(Fixtures!$H$2:$H$2102,A52,Fixtures!$I$2:$I$2102,"A") -> 1 | F52: =COUNTIFS(Fixtures!$H$2:$H$2102,A52,Fixtures!$I$2:$I$2102,"N") -> 0 | G52: =IF(E52=0,"",_xlfn.MINIFS(Fixtures!$A$2:$A$2102,Fixtures!$H$2:$H$2102,A52,Fixtures!$I$2:$I$2102,"A")) -> 37216 | H52: =IF(E52=0,"",_xlfn.MAXIFS(Fixtures!$A$2:$A$2102,Fixtures!$H$2:$H$2102,A52,Fixtures!$I$2:$I$2102,"A")) -> 37216 | I52: 2001/02 | J52: See "Deportivo La Coruna" — duplicate name.
A53: Derby County | B53: Derby County | C53: =COUNTIF(Fixtures!$H$2:$H$2102,A53) -> 24 | D53: =COUNTIFS(Fixtures!$H$2:$H$2102,A53,Fixtures!$I$2:$I$2102,"H") -> 12 | E53: =COUNTIFS(Fixtures!$H$2:$H$2102,A53,Fixtures!$I$2:$I$2102,"A") -> 12 | F53: =COUNTIFS(Fixtures!$H$2:$H$2102,A53,Fixtures!$I$2:$I$2102,"N") -> 0 | G53: =IF(E53=0,"",_xlfn.MINIFS(Fixtures!$A$2:$A$2102,Fixtures!$H$2:$H$2102,A53,Fixtures!$I$2:$I$2102,"A")) -> 32473 | H53: =IF(E53=0,"",_xlfn.MAXIFS(Fixtures!$A$2:$A$2102,Fixtures!$H$2:$H$2102,A53,Fixtures!$I$2:$I$2102,"A")) -> 39566 | I53: 1988/89, 1989/90, 1990/91, 1992/93, 1996/97, 1997/98, 1998/99, 1999/00, 2000/01, 2001/02, 2007/08 | J53: Baseball Ground until 1996/97; Pride Park from 1997/98.
A54: Dinamo Zagreb | B54: Dinamo Zagreb | C54: =COUNTIF(Fixtures!$H$2:$H$2102,A54) -> 5 | D54: =COUNTIFS(Fixtures!$H$2:$H$2102,A54,Fixtures!$I$2:$I$2102,"H") -> 3 | E54: =COUNTIFS(Fixtures!$H$2:$H$2102,A54,Fixtures!$I$2:$I$2102,"A") -> 2 | F54: =COUNTIFS(Fixtures!$H$2:$H$2102,A54,Fixtures!$I$2:$I$2102,"N") -> 0 | G54: =IF(E54=0,"",_xlfn.MINIFS(Fixtures!$A$2:$A$2102,Fixtures!$H$2:$H$2102,A54,Fixtures!$I$2:$I$2102,"A")) -> 38937 | H54: =IF(E54=0,"",_xlfn.MAXIFS(Fixtures!$A$2:$A$2102,Fixtures!$H$2:$H$2102,A54,Fixtures!$I$2:$I$2102,"A")) -> 42263 | I54: 2006/07, 2015/16
A55: Doncaster Rovers | B55: Doncaster Rovers | C55: =COUNTIF(Fixtures!$H$2:$H$2102,A55) -> 2 | D55: =COUNTIFS(Fixtures!$H$2:$H$2102,A55,Fixtures!$I$2:$I$2102,"H") -> 1 | E55: =COUNTIFS(Fixtures!$H$2:$H$2102,A55,Fixtures!$I$2:$I$2102,"A") -> 1 | F55: =COUNTIFS(Fixtures!$H$2:$H$2102,A55,Fixtures!$I$2:$I$2102,"N") -> 0 | G55: =IF(E55=0,"",_xlfn.MINIFS(Fixtures!$A$2:$A$2102,Fixtures!$H$2:$H$2102,A55,Fixtures!$I$2:$I$2102,"A")) -> 38707 | H55: =IF(E55=0,"",_xlfn.MAXIFS(Fixtures!$A$2:$A$2102,Fixtures!$H$2:$H$2102,A55,Fixtures!$I$2:$I$2102,"A")) -> 38707 | I55: 2005/06
A56: Dundalk | B56: Dundalk | C56: =COUNTIF(Fixtures!$H$2:$H$2102,A56) -> 2 | D56: =COUNTIFS(Fixtures!$H$2:$H$2102,A56,Fixtures!$I$2:$I$2102,"H") -> 1 | E56: =COUNTIFS(Fixtures!$H$2:$H$2102,A56,Fixtures!$I$2:$I$2102,"A") -> 1 | F56: =COUNTIFS(Fixtures!$H$2:$H$2102,A56,Fixtures!$I$2:$I$2102,"N") -> 0 | G56: =IF(E56=0,"",_xlfn.MINIFS(Fixtures!$A$2:$A$2102,Fixtures!$H$2:$H$2102,A56,Fixtures!$I$2:$I$2102,"A")) -> 44175 | H56: =IF(E56=0,"",_xlfn.MAXIFS(Fixtures!$A$2:$A$2102,Fixtures!$H$2:$H$2102,A56,Fixtures!$I$2:$I$2102,"A")) -> 44175 | I56: 2020/21 | J56: Dec 2020 home game believed played at Aviva Stadium, Dublin — verify.
A57: Dynamo Kiev | B57: Dynamo Kiev | C57: =COUNTIF(Fixtures!$H$2:$H$2102,A57) -> 6 | D57: =COUNTIFS(Fixtures!$H$2:$H$2102,A57,Fixtures!$I$2:$I$2102,"H") -> 3 | E57: =COUNTIFS(Fixtures!$H$2:$H$2102,A57,Fixtures!$I$2:$I$2102,"A") -> 3 | F57: =COUNTIFS(Fixtures!$H$2:$H$2102,A57,Fixtures!$I$2:$I$2102,"N") -> 0 | G57: =IF(E57=0,"",_xlfn.MINIFS(Fixtures!$A$2:$A$2102,Fixtures!$H$2:$H$2102,A57,Fixtures!$I$2:$I$2102,"A")) -> 36103 | H57: =IF(E57=0,"",_xlfn.MAXIFS(Fixtures!$A$2:$A$2102,Fixtures!$H$2:$H$2102,A57,Fixtures!$I$2:$I$2102,"A")) -> 39708 | I57: 1998/99, 2003/04, 2008/09
A58: Eintracht Frankfurt | B58: Eintracht Frankfurt | C58: =COUNTIF(Fixtures!$H$2:$H$2102,A58) -> 2 | D58: =COUNTIFS(Fixtures!$H$2:$H$2102,A58,Fixtures!$I$2:$I$2102,"H") -> 1 | E58: =COUNTIFS(Fixtures!$H$2:$H$2102,A58,Fixtures!$I$2:$I$2102,"A") -> 1 | F58: =COUNTIFS(Fixtures!$H$2:$H$2102,A58,Fixtures!$I$2:$I$2102,"N") -> 0 | G58: =IF(E58=0,"",_xlfn.MINIFS(Fixtures!$A$2:$A$2102,Fixtures!$H$2:$H$2102,A58,Fixtures!$I$2:$I$2102,"A")) -> 43727 | H58: =IF(E58=0,"",_xlfn.MAXIFS(Fixtures!$A$2:$A$2102,Fixtures!$H$2:$H$2102,A58,Fixtures!$I$2:$I$2102,"A")) -> 43727 | I58: 2019/20
A59: Everton | B59: Everton | C59: =COUNTIF(Fixtures!$H$2:$H$2102,A59) -> 79 | D59: =COUNTIFS(Fixtures!$H$2:$H$2102,A59,Fixtures!$I$2:$I$2102,"H") -> 40 | E59: =COUNTIFS(Fixtures!$H$2:$H$2102,A59,Fixtures!$I$2:$I$2102,"A") -> 39 | F59: =COUNTIFS(Fixtures!$H$2:$H$2102,A59,Fixtures!$I$2:$I$2102,"N") -> 0 | G59: =IF(E59=0,"",_xlfn.MINIFS(Fixtures!$A$2:$A$2102,Fixtures!$H$2:$H$2102,A59,Fixtures!$I$2:$I$2102,"A")) -> 32522 | H59: =IF(E59=0,"",_xlfn.MAXIFS(Fixtures!$A$2:$A$2102,Fixtures!$H$2:$H$2102,A59,Fixtures!$I$2:$I$2102,"A")) -> 46011 | I59: 1988/89, 1989/90, 1990/91, 1991/92, 1992/93, 1993/94, 1994/95, 1995/96, 1996/97, 1997/98, 1998/99, 1999/00, 2000/01, 2001/02, 2002/03, 2003/04, 2004/05, 2005/06, 2006/07, 2007/08, 2008/09, 2009/10, 2010/11, 2011/12, 2012/13, 2013/14, 2014/15, 2015/16, 2016/17, 2017/18, 2018/19, 2019/20, 2020/21, 2021/22, 2022/23, 2023/24, 2024/25, 2025/26 | J59: Goodison Park until 2024/25; Hill Dickinson Stadium from 2025/26.
A60: Farnborough Town | B60: Farnborough Town | C60: =COUNTIF(Fixtures!$H$2:$H$2102,A60) -> 1 | D60: =COUNTIFS(Fixtures!$H$2:$H$2102,A60,Fixtures!$I$2:$I$2102,"H") -> 0 | E60: =COUNTIFS(Fixtures!$H$2:$H$2102,A60,Fixtures!$I$2:$I$2102,"A") -> 1 | F60: =COUNTIFS(Fixtures!$H$2:$H$2102,A60,Fixtures!$I$2:$I$2102,"N") -> 0 | G60: =IF(E60=0,"",_xlfn.MINIFS(Fixtures!$A$2:$A$2102,Fixtures!$H$2:$H$2102,A60,Fixtures!$I$2:$I$2102,"A")) -> 37646 | H60: =IF(E60=0,"",_xlfn.MAXIFS(Fixtures!$A$2:$A$2102,Fixtures!$H$2:$H$2102,A60,Fixtures!$I$2:$I$2102,"A")) -> 37646 | I60: 2002/03 | J60: 2003 FA Cup tie was switched to Highbury — treat as Arsenal home ground.
A61: FC Basel | B61: FC Basel | C61: =COUNTIF(Fixtures!$H$2:$H$2102,A61) -> 2 | D61: =COUNTIFS(Fixtures!$H$2:$H$2102,A61,Fixtures!$I$2:$I$2102,"H") -> 1 | E61: =COUNTIFS(Fixtures!$H$2:$H$2102,A61,Fixtures!$I$2:$I$2102,"A") -> 1 | F61: =COUNTIFS(Fixtures!$H$2:$H$2102,A61,Fixtures!$I$2:$I$2102,"N") -> 0 | G61: =IF(E61=0,"",_xlfn.MINIFS(Fixtures!$A$2:$A$2102,Fixtures!$H$2:$H$2102,A61,Fixtures!$I$2:$I$2102,"A")) -> 42710 | H61: =IF(E61=0,"",_xlfn.MAXIFS(Fixtures!$A$2:$A$2102,Fixtures!$H$2:$H$2102,A61,Fixtures!$I$2:$I$2102,"A")) -> 42710 | I61: 2016/17
A62: FC BATE Borisov | B62: FC BATE Borisov | C62: =COUNTIF(Fixtures!$H$2:$H$2102,A62) -> 4 | D62: =COUNTIFS(Fixtures!$H$2:$H$2102,A62,Fixtures!$I$2:$I$2102,"H") -> 2 | E62: =COUNTIFS(Fixtures!$H$2:$H$2102,A62,Fixtures!$I$2:$I$2102,"A") -> 2 | F62: =COUNTIFS(Fixtures!$H$2:$H$2102,A62,Fixtures!$I$2:$I$2102,"N") -> 0 | G62: =IF(E62=0,"",_xlfn.MINIFS(Fixtures!$A$2:$A$2102,Fixtures!$H$2:$H$2102,A62,Fixtures!$I$2:$I$2102,"A")) -> 43006 | H62: =IF(E62=0,"",_xlfn.MAXIFS(Fixtures!$A$2:$A$2102,Fixtures!$H$2:$H$2102,A62,Fixtures!$I$2:$I$2102,"A")) -> 43510 | I62: 2017/18, 2018/19
A63: FC Kairat Almaty | B63: FC Kairat Almaty | C63: =COUNTIF(Fixtures!$H$2:$H$2102,A63) -> 1 | D63: =COUNTIFS(Fixtures!$H$2:$H$2102,A63,Fixtures!$I$2:$I$2102,"H") -> 1 | E63: =COUNTIFS(Fixtures!$H$2:$H$2102,A63,Fixtures!$I$2:$I$2102,"A") -> 0 | F63: =COUNTIFS(Fixtures!$H$2:$H$2102,A63,Fixtures!$I$2:$I$2102,"N") -> 0 | G63: =IF(E63=0,"",_xlfn.MINIFS(Fixtures!$A$2:$A$2102,Fixtures!$H$2:$H$2102,A63,Fixtures!$I$2:$I$2102,"A")) | H63: =IF(E63=0,"",_xlfn.MAXIFS(Fixtures!$A$2:$A$2102,Fixtures!$H$2:$H$2102,A63,Fixtures!$I$2:$I$2102,"A"))
A64: FC Porto | B64: FC Porto | C64: =COUNTIF(Fixtures!$H$2:$H$2102,A64) -> 8 | D64: =COUNTIFS(Fixtures!$H$2:$H$2102,A64,Fixtures!$I$2:$I$2102,"H") -> 4 | E64: =COUNTIFS(Fixtures!$H$2:$H$2102,A64,Fixtures!$I$2:$I$2102,"A") -> 4 | F64: =COUNTIFS(Fixtures!$H$2:$H$2102,A64,Fixtures!$I$2:$I$2102,"N") -> 0 | G64: =IF(E64=0,"",_xlfn.MINIFS(Fixtures!$A$2:$A$2102,Fixtures!$H$2:$H$2102,A64,Fixtures!$I$2:$I$2102,"A")) -> 39057 | H64: =IF(E64=0,"",_xlfn.MAXIFS(Fixtures!$A$2:$A$2102,Fixtures!$H$2:$H$2102,A64,Fixtures!$I$2:$I$2102,"A")) -> 45343 | I64: 2006/07, 2008/09, 2009/10, 2023/24
A65: FC Thun | B65: FC Thun | C65: =COUNTIF(Fixtures!$H$2:$H$2102,A65) -> 2 | D65: =COUNTIFS(Fixtures!$H$2:$H$2102,A65,Fixtures!$I$2:$I$2102,"H") -> 1 | E65: =COUNTIFS(Fixtures!$H$2:$H$2102,A65,Fixtures!$I$2:$I$2102,"A") -> 1 | F65: =COUNTIFS(Fixtures!$H$2:$H$2102,A65,Fixtures!$I$2:$I$2102,"N") -> 0 | G65: =IF(E65=0,"",_xlfn.MINIFS(Fixtures!$A$2:$A$2102,Fixtures!$H$2:$H$2102,A65,Fixtures!$I$2:$I$2102,"A")) -> 38678 | H65: =IF(E65=0,"",_xlfn.MAXIFS(Fixtures!$A$2:$A$2102,Fixtures!$H$2:$H$2102,A65,Fixtures!$I$2:$I$2102,"A")) -> 38678 | I65: 2005/06 | J65: 2005/06 CL home games believed played at Stade de Suisse, Bern — verify.
A66: FC Zurich | B66: FC Zurich | C66: =COUNTIF(Fixtures!$H$2:$H$2102,A66) -> 2 | D66: =COUNTIFS(Fixtures!$H$2:$H$2102,A66,Fixtures!$I$2:$I$2102,"H") -> 1 | E66: =COUNTIFS(Fixtures!$H$2:$H$2102,A66,Fixtures!$I$2:$I$2102,"A") -> 1 | F66: =COUNTIFS(Fixtures!$H$2:$H$2102,A66,Fixtures!$I$2:$I$2102,"N") -> 0 | G66: =IF(E66=0,"",_xlfn.MINIFS(Fixtures!$A$2:$A$2102,Fixtures!$H$2:$H$2102,A66,Fixtures!$I$2:$I$2102,"A")) -> 44812 | H66: =IF(E66=0,"",_xlfn.MAXIFS(Fixtures!$A$2:$A$2102,Fixtures!$H$2:$H$2102,A66,Fixtures!$I$2:$I$2102,"A")) -> 44812 | I66: 2022/23
A67: Fenerbahce | B67: Fenerbahce | C67: =COUNTIF(Fixtures!$H$2:$H$2102,A67) -> 4 | D67: =COUNTIFS(Fixtures!$H$2:$H$2102,A67,Fixtures!$I$2:$I$2102,"H") -> 2 | E67: =COUNTIFS(Fixtures!$H$2:$H$2102,A67,Fixtures!$I$2:$I$2102,"A") -> 2 | F67: =COUNTIFS(Fixtures!$H$2:$H$2102,A67,Fixtures!$I$2:$I$2102,"N") -> 0 | G67: =IF(E67=0,"",_xlfn.MINIFS(Fixtures!$A$2:$A$2102,Fixtures!$H$2:$H$2102,A67,Fixtures!$I$2:$I$2102,"A")) -> 39742 | H67: =IF(E67=0,"",_xlfn.MAXIFS(Fixtures!$A$2:$A$2102,Fixtures!$H$2:$H$2102,A67,Fixtures!$I$2:$I$2102,"A")) -> 41507 | I67: 2008/09, 2013/14
A68: Fiorentina | B68: Fiorentina | C68: =COUNTIF(Fixtures!$H$2:$H$2102,A68) -> 2 | D68: =COUNTIFS(Fixtures!$H$2:$H$2102,A68,Fixtures!$I$2:$I$2102,"H") -> 1 | E68: =COUNTIFS(Fixtures!$H$2:$H$2102,A68,Fixtures!$I$2:$I$2102,"A") -> 1 | F68: =COUNTIFS(Fixtures!$H$2:$H$2102,A68,Fixtures!$I$2:$I$2102,"N") -> 0 | G68: =IF(E68=0,"",_xlfn.MINIFS(Fixtures!$A$2:$A$2102,Fixtures!$H$2:$H$2102,A68,Fixtures!$I$2:$I$2102,"A")) -> 36417 | H68: =IF(E68=0,"",_xlfn.MAXIFS(Fixtures!$A$2:$A$2102,Fixtures!$H$2:$H$2102,A68,Fixtures!$I$2:$I$2102,"A")) -> 36417 | I68: 1999/00
A69: FK Bodo Glimt | B69: FK Bodo Glimt | C69: =COUNTIF(Fixtures!$H$2:$H$2102,A69) -> 2 | D69: =COUNTIFS(Fixtures!$H$2:$H$2102,A69,Fixtures!$I$2:$I$2102,"H") -> 1 | E69: =COUNTIFS(Fixtures!$H$2:$H$2102,A69,Fixtures!$I$2:$I$2102,"A") -> 1 | F69: =COUNTIFS(Fixtures!$H$2:$H$2102,A69,Fixtures!$I$2:$I$2102,"N") -> 0 | G69: =IF(E69=0,"",_xlfn.MINIFS(Fixtures!$A$2:$A$2102,Fixtures!$H$2:$H$2102,A69,Fixtures!$I$2:$I$2102,"A")) -> 44847 | H69: =IF(E69=0,"",_xlfn.MAXIFS(Fixtures!$A$2:$A$2102,Fixtures!$H$2:$H$2102,A69,Fixtures!$I$2:$I$2102,"A")) -> 44847 | I69: 2022/23
A70: FK Qarabağ Agdam | B70: FK Qarabağ Agdam | C70: =COUNTIF(Fixtures!$H$2:$H$2102,A70) -> 2 | D70: =COUNTIFS(Fixtures!$H$2:$H$2102,A70,Fixtures!$I$2:$I$2102,"H") -> 1 | E70: =COUNTIFS(Fixtures!$H$2:$H$2102,A70,Fixtures!$I$2:$I$2102,"A") -> 1 | F70: =COUNTIFS(Fixtures!$H$2:$H$2102,A70,Fixtures!$I$2:$I$2102,"N") -> 0 | G70: =IF(E70=0,"",_xlfn.MINIFS(Fixtures!$A$2:$A$2102,Fixtures!$H$2:$H$2102,A70,Fixtures!$I$2:$I$2102,"A")) -> 43377 | H70: =IF(E70=0,"",_xlfn.MAXIFS(Fixtures!$A$2:$A$2102,Fixtures!$H$2:$H$2102,A70,Fixtures!$I$2:$I$2102,"A")) -> 43377 | I70: 2018/19 | J70: Played home European games in Baku — verify which stadium for Oct 2018.
A71: Fulham | B71: Fulham | C71: =COUNTIF(Fixtures!$H$2:$H$2102,A71) -> 38 | D71: =COUNTIFS(Fixtures!$H$2:$H$2102,A71,Fixtures!$I$2:$I$2102,"H") -> 19 | E71: =COUNTIFS(Fixtures!$H$2:$H$2102,A71,Fixtures!$I$2:$I$2102,"A") -> 19 | F71: =COUNTIFS(Fixtures!$H$2:$H$2102,A71,Fixtures!$I$2:$I$2102,"N") -> 0 | G71: =IF(E71=0,"",_xlfn.MINIFS(Fixtures!$A$2:$A$2102,Fixtures!$H$2:$H$2102,A71,Fixtures!$I$2:$I$2102,"A")) -> 37149 | H71: =IF(E71=0,"",_xlfn.MAXIFS(Fixtures!$A$2:$A$2102,Fixtures!$H$2:$H$2102,A71,Fixtures!$I$2:$I$2102,"A")) -> 45948 | I71: 2001/02, 2002/03, 2003/04, 2004/05, 2005/06, 2006/07, 2007/08, 2008/09, 2009/10, 2010/11, 2011/12, 2012/13, 2013/14, 2018/19, 2020/21, 2022/23, 2023/24, 2024/25, 2025/26 | J71: Loftus Road for the 2002/03 and 2003/04 away games (Craven Cottage redevelopment); Craven Cottage otherwise.
A72: Galatasaray | B72: Galatasaray | C72: =COUNTIF(Fixtures!$H$2:$H$2102,A72) -> 3 | D72: =COUNTIFS(Fixtures!$H$2:$H$2102,A72,Fixtures!$I$2:$I$2102,"H") -> 1 | E72: =COUNTIFS(Fixtures!$H$2:$H$2102,A72,Fixtures!$I$2:$I$2102,"A") -> 1 | F72: =COUNTIFS(Fixtures!$H$2:$H$2102,A72,Fixtures!$I$2:$I$2102,"N") -> 1 | G72: =IF(E72=0,"",_xlfn.MINIFS(Fixtures!$A$2:$A$2102,Fixtures!$H$2:$H$2102,A72,Fixtures!$I$2:$I$2102,"A")) -> 41982 | H72: =IF(E72=0,"",_xlfn.MAXIFS(Fixtures!$A$2:$A$2102,Fixtures!$H$2:$H$2102,A72,Fixtures!$I$2:$I$2102,"A")) -> 41982 | I72: 2014/15
A73: Gillingham | B73: Gillingham | C73: =COUNTIF(Fixtures!$H$2:$H$2102,A73) -> 1 | D73: =COUNTIFS(Fixtures!$H$2:$H$2102,A73,Fixtures!$I$2:$I$2102,"H") -> 1 | E73: =COUNTIFS(Fixtures!$H$2:$H$2102,A73,Fixtures!$I$2:$I$2102,"A") -> 0 | F73: =COUNTIFS(Fixtures!$H$2:$H$2102,A73,Fixtures!$I$2:$I$2102,"N") -> 0 | G73: =IF(E73=0,"",_xlfn.MINIFS(Fixtures!$A$2:$A$2102,Fixtures!$H$2:$H$2102,A73,Fixtures!$I$2:$I$2102,"A")) | H73: =IF(E73=0,"",_xlfn.MAXIFS(Fixtures!$A$2:$A$2102,Fixtures!$H$2:$H$2102,A73,Fixtures!$I$2:$I$2102,"A"))
A74: Girona | B74: Girona | C74: =COUNTIF(Fixtures!$H$2:$H$2102,A74) -> 1 | D74: =COUNTIFS(Fixtures!$H$2:$H$2102,A74,Fixtures!$I$2:$I$2102,"H") -> 0 | E74: =COUNTIFS(Fixtures!$H$2:$H$2102,A74,Fixtures!$I$2:$I$2102,"A") -> 1 | F74: =COUNTIFS(Fixtures!$H$2:$H$2102,A74,Fixtures!$I$2:$I$2102,"N") -> 0 | G74: =IF(E74=0,"",_xlfn.MINIFS(Fixtures!$A$2:$A$2102,Fixtures!$H$2:$H$2102,A74,Fixtures!$I$2:$I$2102,"A")) -> 45686 | H74: =IF(E74=0,"",_xlfn.MAXIFS(Fixtures!$A$2:$A$2102,Fixtures!$H$2:$H$2102,A74,Fixtures!$I$2:$I$2102,"A")) -> 45686 | I74: 2024/25
A75: Grimsby Town | B75: Grimsby Town | C75: =COUNTIF(Fixtures!$H$2:$H$2102,A75) -> 1 | D75: =COUNTIFS(Fixtures!$H$2:$H$2102,A75,Fixtures!$I$2:$I$2102,"H") -> 1 | E75: =COUNTIFS(Fixtures!$H$2:$H$2102,A75,Fixtures!$I$2:$I$2102,"A") -> 0 | F75: =COUNTIFS(Fixtures!$H$2:$H$2102,A75,Fixtures!$I$2:$I$2102,"N") -> 0 | G75: =IF(E75=0,"",_xlfn.MINIFS(Fixtures!$A$2:$A$2102,Fixtures!$H$2:$H$2102,A75,Fixtures!$I$2:$I$2102,"A")) | H75: =IF(E75=0,"",_xlfn.MAXIFS(Fixtures!$A$2:$A$2102,Fixtures!$H$2:$H$2102,A75,Fixtures!$I$2:$I$2102,"A"))
A76: Hamburger SV | B76: Hamburger SV | C76: =COUNTIF(Fixtures!$H$2:$H$2102,A76) -> 2 | D76: =COUNTIFS(Fixtures!$H$2:$H$2102,A76,Fixtures!$I$2:$I$2102,"H") -> 1 | E76: =COUNTIFS(Fixtures!$H$2:$H$2102,A76,Fixtures!$I$2:$I$2102,"A") -> 1 | F76: =COUNTIFS(Fixtures!$H$2:$H$2102,A76,Fixtures!$I$2:$I$2102,"N") -> 0 | G76: =IF(E76=0,"",_xlfn.MINIFS(Fixtures!$A$2:$A$2102,Fixtures!$H$2:$H$2102,A76,Fixtures!$I$2:$I$2102,"A")) -> 38973 | H76: =IF(E76=0,"",_xlfn.MAXIFS(Fixtures!$A$2:$A$2102,Fixtures!$H$2:$H$2102,A76,Fixtures!$I$2:$I$2102,"A")) -> 38973 | I76: 2006/07
A77: Hartlepool United | B77: Hartlepool United | C77: =COUNTIF(Fixtures!$H$2:$H$2102,A77) -> 4 | D77: =COUNTIFS(Fixtures!$H$2:$H$2102,A77,Fixtures!$I$2:$I$2102,"H") -> 2 | E77: =COUNTIFS(Fixtures!$H$2:$H$2102,A77,Fixtures!$I$2:$I$2102,"A") -> 2 | F77: =COUNTIFS(Fixtures!$H$2:$H$2102,A77,Fixtures!$I$2:$I$2102,"N") -> 0 | G77: =IF(E77=0,"",_xlfn.MINIFS(Fixtures!$A$2:$A$2102,Fixtures!$H$2:$H$2102,A77,Fixtures!$I$2:$I$2102,"A")) -> 34598 | H77: =IF(E77=0,"",_xlfn.MAXIFS(Fixtures!$A$2:$A$2102,Fixtures!$H$2:$H$2102,A77,Fixtures!$I$2:$I$2102,"A")) -> 34961 | I77: 1994/95, 1995/96
A78: Huddersfield Town | B78: Huddersfield Town | C78: =COUNTIF(Fixtures!$H$2:$H$2102,A78) -> 7 | D78: =COUNTIFS(Fixtures!$H$2:$H$2102,A78,Fixtures!$I$2:$I$2102,"H") -> 4 | E78: =COUNTIFS(Fixtures!$H$2:$H$2102,A78,Fixtures!$I$2:$I$2102,"A") -> 3 | F78: =COUNTIFS(Fixtures!$H$2:$H$2102,A78,Fixtures!$I$2:$I$2102,"N") -> 0 | G78: =IF(E78=0,"",_xlfn.MINIFS(Fixtures!$A$2:$A$2102,Fixtures!$H$2:$H$2102,A78,Fixtures!$I$2:$I$2102,"A")) -> 34233 | H78: =IF(E78=0,"",_xlfn.MAXIFS(Fixtures!$A$2:$A$2102,Fixtures!$H$2:$H$2102,A78,Fixtures!$I$2:$I$2102,"A")) -> 43505 | I78: 1993/94, 2017/18, 2018/19 | J78: Leeds Road until 1993/94; Kirklees (McAlpine/John Smith's) Stadium from 1994/95.
A79: Hull City | B79: Hull City | C79: =COUNTIF(Fixtures!$H$2:$H$2102,A79) -> 17 | D79: =COUNTIFS(Fixtures!$H$2:$H$2102,A79,Fixtures!$I$2:$I$2102,"H") -> 9 | E79: =COUNTIFS(Fixtures!$H$2:$H$2102,A79,Fixtures!$I$2:$I$2102,"A") -> 7 | F79: =COUNTIFS(Fixtures!$H$2:$H$2102,A79,Fixtures!$I$2:$I$2102,"N") -> 1 | G79: =IF(E79=0,"",_xlfn.MINIFS(Fixtures!$A$2:$A$2102,Fixtures!$H$2:$H$2102,A79,Fixtures!$I$2:$I$2102,"A")) -> 32414 | H79: =IF(E79=0,"",_xlfn.MAXIFS(Fixtures!$A$2:$A$2102,Fixtures!$H$2:$H$2102,A79,Fixtures!$I$2:$I$2102,"A")) -> 42630 | I79: 1988/89, 2008/09, 2009/10, 2013/14, 2014/15, 2015/16, 2016/17 | J79: Boothferry Park until Dec 2002; KC/MKM Stadium after.
A80: Inter Milano | B80: Internazionale | C80: =COUNTIF(Fixtures!$H$2:$H$2102,A80) -> 2 | D80: =COUNTIFS(Fixtures!$H$2:$H$2102,A80,Fixtures!$I$2:$I$2102,"H") -> 1 | E80: =COUNTIFS(Fixtures!$H$2:$H$2102,A80,Fixtures!$I$2:$I$2102,"A") -> 1 | F80: =COUNTIFS(Fixtures!$H$2:$H$2102,A80,Fixtures!$I$2:$I$2102,"N") -> 0 | G80: =IF(E80=0,"",_xlfn.MINIFS(Fixtures!$A$2:$A$2102,Fixtures!$H$2:$H$2102,A80,Fixtures!$I$2:$I$2102,"A")) -> 37950 | H80: =IF(E80=0,"",_xlfn.MAXIFS(Fixtures!$A$2:$A$2102,Fixtures!$H$2:$H$2102,A80,Fixtures!$I$2:$I$2102,"A")) -> 37950 | I80: 2003/04 | J80: Duplicate of "Internazionale". San Siro.
A81: Internazionale | B81: Internazionale | C81: =COUNTIF(Fixtures!$H$2:$H$2102,A81) -> 2 | D81: =COUNTIFS(Fixtures!$H$2:$H$2102,A81,Fixtures!$I$2:$I$2102,"H") -> 0 | E81: =COUNTIFS(Fixtures!$H$2:$H$2102,A81,Fixtures!$I$2:$I$2102,"A") -> 2 | F81: =COUNTIFS(Fixtures!$H$2:$H$2102,A81,Fixtures!$I$2:$I$2102,"N") -> 0 | G81: =IF(E81=0,"",_xlfn.MINIFS(Fixtures!$A$2:$A$2102,Fixtures!$H$2:$H$2102,A81,Fixtures!$I$2:$I$2102,"A")) -> 45602 | H81: =IF(E81=0,"",_xlfn.MAXIFS(Fixtures!$A$2:$A$2102,Fixtures!$H$2:$H$2102,A81,Fixtures!$I$2:$I$2102,"A")) -> 46042 | I81: 2024/25, 2025/26 | J81: See "Inter Milano" — duplicate name. San Siro.
A82: Ipswich Town | B82: Ipswich Town | C82: =COUNTIF(Fixtures!$H$2:$H$2102,A82) -> 16 | D82: =COUNTIFS(Fixtures!$H$2:$H$2102,A82,Fixtures!$I$2:$I$2102,"H") -> 8 | E82: =COUNTIFS(Fixtures!$H$2:$H$2102,A82,Fixtures!$I$2:$I$2102,"A") -> 8 | F82: =COUNTIFS(Fixtures!$H$2:$H$2102,A82,Fixtures!$I$2:$I$2102,"N") -> 0 | G82: =IF(E82=0,"",_xlfn.MINIFS(Fixtures!$A$2:$A$2102,Fixtures!$H$2:$H$2102,A82,Fixtures!$I$2:$I$2102,"A")) -> 34034 | H82: =IF(E82=0,"",_xlfn.MAXIFS(Fixtures!$A$2:$A$2102,Fixtures!$H$2:$H$2102,A82,Fixtures!$I$2:$I$2102,"A")) -> 45767 | I82: 1992/93, 1993/94, 1994/95, 2000/01, 2001/02, 2010/11, 2024/25
A83: Juventus | B83: Juventus | C83: =COUNTIF(Fixtures!$H$2:$H$2102,A83) -> 4 | D83: =COUNTIFS(Fixtures!$H$2:$H$2102,A83,Fixtures!$I$2:$I$2102,"H") -> 2 | E83: =COUNTIFS(Fixtures!$H$2:$H$2102,A83,Fixtures!$I$2:$I$2102,"A") -> 2 | F83: =COUNTIFS(Fixtures!$H$2:$H$2102,A83,Fixtures!$I$2:$I$2102,"N") -> 0 | G83: =IF(E83=0,"",_xlfn.MINIFS(Fixtures!$A$2:$A$2102,Fixtures!$H$2:$H$2102,A83,Fixtures!$I$2:$I$2102,"A")) -> 37335 | H83: =IF(E83=0,"",_xlfn.MAXIFS(Fixtures!$A$2:$A$2102,Fixtures!$H$2:$H$2102,A83,Fixtures!$I$2:$I$2102,"A")) -> 38812 | I83: 2001/02, 2005/06
A84: Lazio | B84: Lazio | C84: =COUNTIF(Fixtures!$H$2:$H$2102,A84) -> 2 | D84: =COUNTIFS(Fixtures!$H$2:$H$2102,A84,Fixtures!$I$2:$I$2102,"H") -> 1 | E84: =COUNTIFS(Fixtures!$H$2:$H$2102,A84,Fixtures!$I$2:$I$2102,"A") -> 1 | F84: =COUNTIFS(Fixtures!$H$2:$H$2102,A84,Fixtures!$I$2:$I$2102,"N") -> 0 | G84: =IF(E84=0,"",_xlfn.MINIFS(Fixtures!$A$2:$A$2102,Fixtures!$H$2:$H$2102,A84,Fixtures!$I$2:$I$2102,"A")) -> 36816 | H84: =IF(E84=0,"",_xlfn.MAXIFS(Fixtures!$A$2:$A$2102,Fixtures!$H$2:$H$2102,A84,Fixtures!$I$2:$I$2102,"A")) -> 36816 | I84: 2000/01
A85: Leeds United | B85: Leeds United | C85: =COUNTIF(Fixtures!$H$2:$H$2102,A85) -> 49 | D85: =COUNTIFS(Fixtures!$H$2:$H$2102,A85,Fixtures!$I$2:$I$2102,"H") -> 26 | E85: =COUNTIFS(Fixtures!$H$2:$H$2102,A85,Fixtures!$I$2:$I$2102,"A") -> 23 | F85: =COUNTIFS(Fixtures!$H$2:$H$2102,A85,Fixtures!$I$2:$I$2102,"N") -> 0 | G85: =IF(E85=0,"",_xlfn.MINIFS(Fixtures!$A$2:$A$2102,Fixtures!$H$2:$H$2102,A85,Fixtures!$I$2:$I$2102,"A")) -> 33145 | H85: =IF(E85=0,"",_xlfn.MAXIFS(Fixtures!$A$2:$A$2102,Fixtures!$H$2:$H$2102,A85,Fixtures!$I$2:$I$2102,"A")) -> 46053 | I85: 1990/91, 1991/92, 1992/93, 1993/94, 1994/95, 1995/96, 1996/97, 1997/98, 1998/99, 1999/00, 2000/01, 2001/02, 2002/03, 2003/04, 2010/11, 2020/21, 2021/22, 2022/23, 2025/26
A86: Leicester City | B86: Leicester City | C86: =COUNTIF(Fixtures!$H$2:$H$2102,A86) -> 41 | D86: =COUNTIFS(Fixtures!$H$2:$H$2102,A86,Fixtures!$I$2:$I$2102,"H") -> 20 | E86: =COUNTIFS(Fixtures!$H$2:$H$2102,A86,Fixtures!$I$2:$I$2102,"A") -> 21 | F86: =COUNTIFS(Fixtures!$H$2:$H$2102,A86,Fixtures!$I$2:$I$2102,"N") -> 0 | G86: =IF(E86=0,"",_xlfn.MINIFS(Fixtures!$A$2:$A$2102,Fixtures!$H$2:$H$2102,A86,Fixtures!$I$2:$I$2102,"A")) -> 33506 | H86: =IF(E86=0,"",_xlfn.MAXIFS(Fixtures!$A$2:$A$2102,Fixtures!$H$2:$H$2102,A86,Fixtures!$I$2:$I$2102,"A")) -> 45703 | I86: 1991/92, 1994/95, 1996/97, 1997/98, 1998/99, 1999/00, 2000/01, 2001/02, 2003/04, 2014/15, 2015/16, 2016/17, 2017/18, 2018/19, 2019/20, 2020/21, 2021/22, 2022/23, 2024/25 | J86: Filbert Street until 2001/02; Walkers/King Power Stadium from 2002/03.
A87: Leyton Orient | B87: Leyton Orient | C87: =COUNTIF(Fixtures!$H$2:$H$2102,A87) -> 2 | D87: =COUNTIFS(Fixtures!$H$2:$H$2102,A87,Fixtures!$I$2:$I$2102,"H") -> 1 | E87: =COUNTIFS(Fixtures!$H$2:$H$2102,A87,Fixtures!$I$2:$I$2102,"A") -> 1 | F87: =COUNTIFS(Fixtures!$H$2:$H$2102,A87,Fixtures!$I$2:$I$2102,"N") -> 0 | G87: =IF(E87=0,"",_xlfn.MINIFS(Fixtures!$A$2:$A$2102,Fixtures!$H$2:$H$2102,A87,Fixtures!$I$2:$I$2102,"A")) -> 40594 | H87: =IF(E87=0,"",_xlfn.MAXIFS(Fixtures!$A$2:$A$2102,Fixtures!$H$2:$H$2102,A87,Fixtures!$I$2:$I$2102,"A")) -> 40594 | I87: 2010/11
A88: Lincoln City | B88: Lincoln City | C88: =COUNTIF(Fixtures!$H$2:$H$2102,A88) -> 1 | D88: =COUNTIFS(Fixtures!$H$2:$H$2102,A88,Fixtures!$I$2:$I$2102,"H") -> 1 | E88: =COUNTIFS(Fixtures!$H$2:$H$2102,A88,Fixtures!$I$2:$I$2102,"A") -> 0 | F88: =COUNTIFS(Fixtures!$H$2:$H$2102,A88,Fixtures!$I$2:$I$2102,"N") -> 0 | G88: =IF(E88=0,"",_xlfn.MINIFS(Fixtures!$A$2:$A$2102,Fixtures!$H$2:$H$2102,A88,Fixtures!$I$2:$I$2102,"A")) | H88: =IF(E88=0,"",_xlfn.MAXIFS(Fixtures!$A$2:$A$2102,Fixtures!$H$2:$H$2102,A88,Fixtures!$I$2:$I$2102,"A"))
A89: Liverpool | B89: Liverpool | C89: =COUNTIF(Fixtures!$H$2:$H$2102,A89) -> 98 | D89: =COUNTIFS(Fixtures!$H$2:$H$2102,A89,Fixtures!$I$2:$I$2102,"H") -> 47 | E89: =COUNTIFS(Fixtures!$H$2:$H$2102,A89,Fixtures!$I$2:$I$2102,"A") -> 48 | F89: =COUNTIFS(Fixtures!$H$2:$H$2102,A89,Fixtures!$I$2:$I$2102,"N") -> 3 | G89: =IF(E89=0,"",_xlfn.MINIFS(Fixtures!$A$2:$A$2102,Fixtures!$H$2:$H$2102,A89,Fixtures!$I$2:$I$2102,"A")) -> 32449 | H89: =IF(E89=0,"",_xlfn.MAXIFS(Fixtures!$A$2:$A$2102,Fixtures!$H$2:$H$2102,A89,Fixtures!$I$2:$I$2102,"A")) -> 45900 | I89: 1988/89, 1989/90, 1990/91, 1991/92, 1992/93, 1993/94, 1994/95, 1995/96, 1996/97, 1997/98, 1998/99, 1999/00, 2000/01, 2001/02, 2002/03, 2003/04, 2004/05, 2005/06, 2006/07, 2007/08, 2008/09, 2009/10, 2010/11, 2011/12, 2012/13, 2013/14, 2014/15, 2015/16, 2016/17, 2017/18, 2018/19, 2019/20, 2020/21, 2021/22, 2022/23, 2023/24, 2024/25, 2025/26
A90: Lokomotiv Moskva | B90: Lokomotiv Moskva | C90: =COUNTIF(Fixtures!$H$2:$H$2102,A90) -> 2 | D90: =COUNTIFS(Fixtures!$H$2:$H$2102,A90,Fixtures!$I$2:$I$2102,"H") -> 1 | E90: =COUNTIFS(Fixtures!$H$2:$H$2102,A90,Fixtures!$I$2:$I$2102,"A") -> 1 | F90: =COUNTIFS(Fixtures!$H$2:$H$2102,A90,Fixtures!$I$2:$I$2102,"N") -> 0 | G90: =IF(E90=0,"",_xlfn.MINIFS(Fixtures!$A$2:$A$2102,Fixtures!$H$2:$H$2102,A90,Fixtures!$I$2:$I$2102,"A")) -> 37894 | H90: =IF(E90=0,"",_xlfn.MAXIFS(Fixtures!$A$2:$A$2102,Fixtures!$H$2:$H$2102,A90,Fixtures!$I$2:$I$2102,"A")) -> 37894 | I90: 2003/04
A91: Luton Town | B91: Luton Town | C91: =COUNTIF(Fixtures!$H$2:$H$2102,A91) -> 10 | D91: =COUNTIFS(Fixtures!$H$2:$H$2102,A91,Fixtures!$I$2:$I$2102,"H") -> 5 | E91: =COUNTIFS(Fixtures!$H$2:$H$2102,A91,Fixtures!$I$2:$I$2102,"A") -> 5 | F91: =COUNTIFS(Fixtures!$H$2:$H$2102,A91,Fixtures!$I$2:$I$2102,"N") -> 0 | G91: =IF(E91=0,"",_xlfn.MINIFS(Fixtures!$A$2:$A$2102,Fixtures!$H$2:$H$2102,A91,Fixtures!$I$2:$I$2102,"A")) -> 32441 | H91: =IF(E91=0,"",_xlfn.MAXIFS(Fixtures!$A$2:$A$2102,Fixtures!$H$2:$H$2102,A91,Fixtures!$I$2:$I$2102,"A")) -> 45265 | I91: 1988/89, 1989/90, 1990/91, 1991/92, 2023/24
A92: Manchester City | B92: Manchester City | C92: =COUNTIF(Fixtures!$H$2:$H$2102,A92) -> 76 | D92: =COUNTIFS(Fixtures!$H$2:$H$2102,A92,Fixtures!$I$2:$I$2102,"H") -> 35 | E92: =COUNTIFS(Fixtures!$H$2:$H$2102,A92,Fixtures!$I$2:$I$2102,"A") -> 36 | F92: =COUNTIFS(Fixtures!$H$2:$H$2102,A92,Fixtures!$I$2:$I$2102,"N") -> 5 | G92: =IF(E92=0,"",_xlfn.MINIFS(Fixtures!$A$2:$A$2102,Fixtures!$H$2:$H$2102,A92,Fixtures!$I$2:$I$2102,"A")) -> 32942 | H92: =IF(E92=0,"",_xlfn.MAXIFS(Fixtures!$A$2:$A$2102,Fixtures!$H$2:$H$2102,A92,Fixtures!$I$2:$I$2102,"A")) -> 46131 | I92: 1989/90, 1990/91, 1991/92, 1992/93, 1993/94, 1994/95, 1995/96, 2000/01, 2002/03, 2003/04, 2004/05, 2005/06, 2006/07, 2007/08, 2008/09, 2009/10, 2010/11, 2011/12, 2012/13, 2013/14, 2014/15, 2015/16, 2016/17, 2017/18, 2018/19, 2019/20, 2020/21, 2021/22, 2022/23, 2023/24, 2024/25, 2025/26 | J92: Maine Road until 2002/03; City of Manchester Stadium (Etihad) from 2003/04.
A93: Manchester United | B93: Manchester United | C93: =COUNTIF(Fixtures!$H$2:$H$2102,A93) -> 96 | D93: =COUNTIFS(Fixtures!$H$2:$H$2102,A93,Fixtures!$I$2:$I$2102,"H") -> 46 | E93: =COUNTIFS(Fixtures!$H$2:$H$2102,A93,Fixtures!$I$2:$I$2102,"A") -> 44 | F93: =COUNTIFS(Fixtures!$H$2:$H$2102,A93,Fixtures!$I$2:$I$2102,"N") -> 6 | G93: =IF(E93=0,"",_xlfn.MINIFS(Fixtures!$A$2:$A$2102,Fixtures!$H$2:$H$2102,A93,Fixtures!$I$2:$I$2102,"A")) -> 32600 | H93: =IF(E93=0,"",_xlfn.MAXIFS(Fixtures!$A$2:$A$2102,Fixtures!$H$2:$H$2102,A93,Fixtures!$I$2:$I$2102,"A")) -> 45886 | I93: 1988/89, 1989/90, 1990/91, 1991/92, 1992/93, 1993/94, 1994/95, 1995/96, 1996/97, 1997/98, 1998/99, 1999/00, 2000/01, 2001/02, 2002/03, 2003/04, 2004/05, 2005/06, 2006/07, 2007/08, 2008/09, 2009/10, 2010/11, 2011/12, 2012/13, 2013/14, 2014/15, 2015/16, 2016/17, 2017/18, 2018/19, 2019/20, 2020/21, 2021/22, 2022/23, 2023/24, 2024/25, 2025/26
A94: Mansfield Town | B94: Mansfield Town | C94: =COUNTIF(Fixtures!$H$2:$H$2102,A94) -> 1 | D94: =COUNTIFS(Fixtures!$H$2:$H$2102,A94,Fixtures!$I$2:$I$2102,"H") -> 0 | E94: =COUNTIFS(Fixtures!$H$2:$H$2102,A94,Fixtures!$I$2:$I$2102,"A") -> 1 | F94: =COUNTIFS(Fixtures!$H$2:$H$2102,A94,Fixtures!$I$2:$I$2102,"N") -> 0 | G94: =IF(E94=0,"",_xlfn.MINIFS(Fixtures!$A$2:$A$2102,Fixtures!$H$2:$H$2102,A94,Fixtures!$I$2:$I$2102,"A")) -> 46088 | H94: =IF(E94=0,"",_xlfn.MAXIFS(Fixtures!$A$2:$A$2102,Fixtures!$H$2:$H$2102,A94,Fixtures!$I$2:$I$2102,"A")) -> 46088 | I94: 2025/26
A95: Middlesbrough | B95: Middlesbrough | C95: =COUNTIF(Fixtures!$H$2:$H$2102,A95) -> 39 | D95: =COUNTIFS(Fixtures!$H$2:$H$2102,A95,Fixtures!$I$2:$I$2102,"H") -> 19 | E95: =COUNTIFS(Fixtures!$H$2:$H$2102,A95,Fixtures!$I$2:$I$2102,"A") -> 19 | F95: =COUNTIFS(Fixtures!$H$2:$H$2102,A95,Fixtures!$I$2:$I$2102,"N") -> 1 | G95: =IF(E95=0,"",_xlfn.MINIFS(Fixtures!$A$2:$A$2102,Fixtures!$H$2:$H$2102,A95,Fixtures!$I$2:$I$2102,"A")) -> 32634 | H95: =IF(E95=0,"",_xlfn.MAXIFS(Fixtures!$A$2:$A$2102,Fixtures!$H$2:$H$2102,A95,Fixtures!$I$2:$I$2102,"A")) -> 42842 | I95: 1988/89, 1992/93, 1995/96, 1996/97, 1997/98, 1998/99, 1999/00, 2000/01, 2001/02, 2002/03, 2003/04, 2004/05, 2005/06, 2006/07, 2007/08, 2008/09, 2016/17 | J95: Ayresome Park until 1994/95; Riverside Stadium from 1995/96.
A96: Millwall | B96: Millwall | C96: =COUNTIF(Fixtures!$H$2:$H$2102,A96) -> 9 | D96: =COUNTIFS(Fixtures!$H$2:$H$2102,A96,Fixtures!$I$2:$I$2102,"H") -> 4 | E96: =COUNTIFS(Fixtures!$H$2:$H$2102,A96,Fixtures!$I$2:$I$2102,"A") -> 5 | F96: =COUNTIFS(Fixtures!$H$2:$H$2102,A96,Fixtures!$I$2:$I$2102,"N") -> 0 | G96: =IF(E96=0,"",_xlfn.MINIFS(Fixtures!$A$2:$A$2102,Fixtures!$H$2:$H$2102,A96,Fixtures!$I$2:$I$2102,"A")) -> 32550 | H96: =IF(E96=0,"",_xlfn.MAXIFS(Fixtures!$A$2:$A$2102,Fixtures!$H$2:$H$2102,A96,Fixtures!$I$2:$I$2102,"A")) -> 34706 | I96: 1988/89, 1989/90, 1992/93, 1993/94, 1994/95 | J96: The Den (Cold Blow Lane) until 1992/93; The New Den from 1993/94.
A97: Molde | B97: Molde | C97: =COUNTIF(Fixtures!$H$2:$H$2102,A97) -> 2 | D97: =COUNTIFS(Fixtures!$H$2:$H$2102,A97,Fixtures!$I$2:$I$2102,"H") -> 1 | E97: =COUNTIFS(Fixtures!$H$2:$H$2102,A97,Fixtures!$I$2:$I$2102,"A") -> 1 | F97: =COUNTIFS(Fixtures!$H$2:$H$2102,A97,Fixtures!$I$2:$I$2102,"N") -> 0 | G97: =IF(E97=0,"",_xlfn.MINIFS(Fixtures!$A$2:$A$2102,Fixtures!$H$2:$H$2102,A97,Fixtures!$I$2:$I$2102,"A")) -> 44161 | H97: =IF(E97=0,"",_xlfn.MAXIFS(Fixtures!$A$2:$A$2102,Fixtures!$H$2:$H$2102,A97,Fixtures!$I$2:$I$2102,"A")) -> 44161 | I97: 2020/21
A98: Montpellier | B98: Montpellier | C98: =COUNTIF(Fixtures!$H$2:$H$2102,A98) -> 2 | D98: =COUNTIFS(Fixtures!$H$2:$H$2102,A98,Fixtures!$I$2:$I$2102,"H") -> 1 | E98: =COUNTIFS(Fixtures!$H$2:$H$2102,A98,Fixtures!$I$2:$I$2102,"A") -> 1 | F98: =COUNTIFS(Fixtures!$H$2:$H$2102,A98,Fixtures!$I$2:$I$2102,"N") -> 0 | G98: =IF(E98=0,"",_xlfn.MINIFS(Fixtures!$A$2:$A$2102,Fixtures!$H$2:$H$2102,A98,Fixtures!$I$2:$I$2102,"A")) -> 41170 | H98: =IF(E98=0,"",_xlfn.MAXIFS(Fixtures!$A$2:$A$2102,Fixtures!$H$2:$H$2102,A98,Fixtures!$I$2:$I$2102,"A")) -> 41170 | I98: 2012/13
A99: Nantes | B99: Nantes | C99: =COUNTIF(Fixtures!$H$2:$H$2102,A99) -> 2 | D99: =COUNTIFS(Fixtures!$H$2:$H$2102,A99,Fixtures!$I$2:$I$2102,"H") -> 1 | E99: =COUNTIFS(Fixtures!$H$2:$H$2102,A99,Fixtures!$I$2:$I$2102,"A") -> 1 | F99: =COUNTIFS(Fixtures!$H$2:$H$2102,A99,Fixtures!$I$2:$I$2102,"N") -> 0 | G99: =IF(E99=0,"",_xlfn.MINIFS(Fixtures!$A$2:$A$2102,Fixtures!$H$2:$H$2102,A99,Fixtures!$I$2:$I$2102,"A")) -> 36503 | H99: =IF(E99=0,"",_xlfn.MAXIFS(Fixtures!$A$2:$A$2102,Fixtures!$H$2:$H$2102,A99,Fixtures!$I$2:$I$2102,"A")) -> 36503 | I99: 1999/00
A100: Napoli | B100: Napoli | C100: =COUNTIF(Fixtures!$H$2:$H$2102,A100) -> 4 | D100: =COUNTIFS(Fixtures!$H$2:$H$2102,A100,Fixtures!$I$2:$I$2102,"H") -> 2 | E100: =COUNTIFS(Fixtures!$H$2:$H$2102,A100,Fixtures!$I$2:$I$2102,"A") -> 2 | F100: =COUNTIFS(Fixtures!$H$2:$H$2102,A100,Fixtures!$I$2:$I$2102,"N") -> 0 | G100: =IF(E100=0,"",_xlfn.MINIFS(Fixtures!$A$2:$A$2102,Fixtures!$H$2:$H$2102,A100,Fixtures!$I$2:$I$2102,"A")) -> 41619 | H100: =IF(E100=0,"",_xlfn.MAXIFS(Fixtures!$A$2:$A$2102,Fixtures!$H$2:$H$2102,A100,Fixtures!$I$2:$I$2102,"A")) -> 43573 | I100: 2013/14, 2018/19
...

Sheet Away matches
A1: Opponent | B1: Date | C1: Season | D1: Competition | E1: Match | F1: Score
A2: 1.FC Köln | B2: 43062 | C2: 2017/18 | D2: UEFA Europa League | E2: 1.FC Köln v Arsenal | F2: 1-0
A3: AC Milan | B3: 34738 | C3: 1994/95 | D3: UEFA Super Cup | E3: AC Milan v Arsenal | F3: 2-0
A4: AC Milan | B4: 39511 | C4: 2007/08 | D4: UEFA Champions League | E4: AC Milan v Arsenal | F4: 0-2
A5: AC Milan | B5: 40954 | C5: 2011/12 | D5: UEFA Champions League | E5: AC Milan v Arsenal | F5: 4-0
A6: AC Milan | B6: 43167 | C6: 2017/18 | D6: UEFA Europa League | E6: AC Milan v Arsenal | F6: 0-2
A7: AFC Bournemouth | B7: 42407 | C7: 2015/16 | D7: Premier League | E7: AFC Bournemouth v Arsenal | F7: 0-2
A8: AFC Bournemouth | B8: 42738 | C8: 2016/17 | D8: Premier League | E8: AFC Bournemouth v Arsenal | F8: 3-3
A9: AFC Bournemouth | B9: 43114 | C9: 2017/18 | D9: Premier League | E9: AFC Bournemouth v Arsenal | F9: 2-1
A10: AFC Bournemouth | B10: 43429 | C10: 2018/19 | D10: Premier League | E10: AFC Bournemouth v Arsenal | F10: 1-2
A11: AFC Bournemouth | B11: 43825 | C11: 2019/20 | D11: Premier League | E11: AFC Bournemouth v Arsenal | F11: 1-1
A12: AFC Bournemouth | B12: 43857 | C12: 2019/20 | D12: FA Cup | E12: AFC Bournemouth v Arsenal | F12: 1-2
A13: AFC Bournemouth | B13: 44793 | C13: 2022/23 | D13: Premier League | E13: AFC Bournemouth v Arsenal | F13: 0-3
... A1023: Östersunds FK | B1023: 43146 | C1023: 2017/18 | D1023: UEFA Europa League | E1023: Östersunds FK v Arsenal | F1023: 0-3

Sheet Grounds template
A1: How to use: one row per ground per club per period. Fill the yellow columns. "Used to" blank = still in use. Row 5 is an example (Highbury coordinates approximate).
A3: Ground ID | B3: Ground name | C3: Club (as in Fixtures) | D3: Used from | E3: Used to | F3: Latitude | G3: Longitude | H3: City | I3: Country | J3: Notes
A5: G001 | B5: Highbury | C5: Arsenal | D5: 4998 | E5: 38844 | F5: 51.558 | G5: -0.103 | H5: London | I5: England | J5: EXAMPLE ROW — coordinates approximate
A6: G002 | B6: Emirates Stadium | C6: Arsenal | D6: 38920 | H6: London | I6: England
A7: G003 | B7: Wembley Stadium | C7: Arsenal | H7: London | I7: England | J7: Arsenal home CL games 1998/99–1999/00; also neutral venue. Old vs new Wembley (rebuilt 2003–07) sit on the same site.
A8: G004 | B8: Millennium Stadium | C8: (neutral) | H8: Cardiff | I8: Wales | J8: Spelt "Millenium Stadium" in Fixtures sheet — align spelling.
A9: G005 | B9: Villa Park | C9: Aston Villa | H9: Birmingham | I9: England | J9: Also neutral venue for FA Cup semis.
A10: G006 | B10: Old Trafford | C10: Manchester United | H10: Manchester | I10: England | J10: Also neutral venue for FA Cup semis.
A11: G007 | B11: Parken Stadium | C11: (neutral) | H11: Copenhagen | I11: Denmark
A12: G008 | B12: Parc des Princes | C12: Paris St Germain | H12: Paris | I12: France | J12: Also 1995 CWC final venue.
A13: G009 | B13: Stade de France | C13: (neutral) | H13: Saint-Denis | I13: France
A14: G010 | B14: Baku Olympic Stadium | C14: (neutral) | H14: Baku | I14: Azerbaijan
A15: G011 | B15: Puskás Aréna | C15: (neutral) | H15: Budapest | I15: Hungary
A16: G012 | B16: Stadio Olimpico | C16: Benfica (2021 only) | H16: Rome | I16: Italy | J16: Benfica v Arsenal, 18/02/2021.
A17: G013 | B17: Karaiskakis Stadium | C17: Arsenal (2021 only) | H17: Piraeus | I17: Greece | J17: Arsenal v Benfica, 25/02/2021. Also Olympiakos home.

Sheet Flags to check
A1: Type | B1: Date | C1: Match | D1: Venue in data | E1: Suggested venue | F1: Confidence | G1: Note
A2: Neutral venue not marked | B2: 32732 | C2: Liverpool v Arsenal | E2: Wembley | F2: High | G2: Charity/Community Shield — always a neutral venue.
A3: Neutral venue not marked | B3: 33460 | C3: Arsenal v Tottenham Hotspur | E3: Wembley | F3: High | G3: Charity/Community Shield — always a neutral venue.
A4: Neutral venue not marked | B4: 34188 | C4: Arsenal v Manchester United | E4: Wembley | F4: High | G4: Charity/Community Shield — always a neutral venue.
A5: Neutral venue not marked | B5: 36016 | C5: Arsenal v Manchester United | E5: Wembley | F5: High | G5: Charity/Community Shield — always a neutral venue.
A6: Neutral venue not marked | B6: 36373 | C6: Arsenal v Manchester United | E6: Wembley | F6: High | G6: Charity/Community Shield — always a neutral venue.
A7: Neutral venue not marked | B7: 45144 | C7: Arsenal v Manchester City | E7: Wembley | F7: High | G7: Charity/Community Shield — always a neutral venue.
A8: Arsenal home not at Highbury | B8: 36068 | C8: Arsenal v Panathinaikos | E8: Wembley | F8: High | G8: Arsenal played CL home games at Wembley in 1998/99 and 1999/00.
A9: Arsenal home not at Highbury | B9: 36089 | C9: Arsenal v Dynamo Kiev | E9: Wembley | F9: High | G9: Arsenal played CL home games at Wembley in 1998/99 and 1999/00.
A10: Arsenal home not at Highbury | B10: 36124 | C10: Arsenal v RC Lens | E10: Wembley | F10: High | G10: Arsenal played CL home games at Wembley in 1998/99 and 1999/00.
A11: Arsenal home not at Highbury | B11: 36425 | C11: Arsenal v AIK Solna | E11: Wembley | F11: High | G11: Arsenal played CL home games at Wembley in 1998/99 and 1999/00.
A12: Arsenal home not at Highbury | B12: 36452 | C12: Arsenal v Barcelona | E12: Wembley | F12: High | G12: Arsenal played CL home games at Wembley in 1998/99 and 1999/00.
A13: Arsenal home not at Highbury | B13: 36460 | C13: Arsenal v Fiorentina | E13: Wembley | F13: High | G13: Arsenal played CL home games at Wembley in 1998/99 and 1999/00.
... A27: Temporary home ground | B27: 38116 | C27: Fulham v Arsenal | E27: Loftus Road | F27: High | G27: Fulham at Loftus Road 2002–04. Handled by grounds date ranges.
A28: Spelling | C28: All Millennium Stadium rows | D28: Millenium Stadium | E28: Millennium Stadium | F28: High | G28: Align with the grounds sheet name.
A29: Result convention | C29: 23 matches decided on penalties | F29: — | G29: Result column records the shoot-out outcome (e.g. 1-1 (4-5) = L). Decide whether stats count these as W/L or D.
A30: Duplicate team names | C30: 6 pairs | F30: High | G30: See "Suggested merged name" on Opponents sheet (e.g. Bayern Munchen / München).

Sheet Fixtures
A1: Date | B1: Match | C1: Result | D1: Score | E1: Competition | F1: Venue | G1: Season | H1: Opponent | I1: H/A/N | J1: Behind closed doors
A2: 32382 | B2: Wimbledon v Arsenal | C2: W | D2: 1-5 | E2: League Division One | G2: 1988/89 | H2: =IF(LEFT(B2,10)="Arsenal v ",MID(B2,11,100),LEFT(B2,FIND(" v ",B2)-1)) -> Wimbledon | I2: =IF(F2<>"","N",IF(LEFT(B2,10)="Arsenal v ","H","A")) -> A
A3: 32389 | B3: Arsenal v Aston Villa | C3: L | D3: 2-3 | E3: League Division One | G3: 1988/89 | H3: =IF(LEFT(B3,10)="Arsenal v ",MID(B3,11,100),LEFT(B3,FIND(" v ",B3)-1)) -> Aston Villa | I3: =IF(F3<>"","N",IF(LEFT(B3,10)="Arsenal v ","H","A")) -> H
A4: 32396 | B4: Tottenham Hotspur v Arsenal | C4: W | D4: 2-3 | E4: League Division One | G4: 1988/89 | H4: =IF(LEFT(B4,10)="Arsenal v ",MID(B4,11,100),LEFT(B4,FIND(" v ",B4)-1)) -> Tottenham Hotspur | I4: =IF(F4<>"","N",IF(LEFT(B4,10)="Arsenal v ","H","A")) -> A
A5: 32403 | B5: Arsenal v Southampton | C5: D | D5: 2-2 | E5: League Division One | G5: 1988/89 | H5: =IF(LEFT(B5,10)="Arsenal v ",MID(B5,11,100),LEFT(B5,FIND(" v ",B5)-1)) -> Southampton | I5: =IF(F5<>"","N",IF(LEFT(B5,10)="Arsenal v ","H","A")) -> H
A6: 32410 | B6: Sheffield Wednesday v Arsenal | C6: L | D6: 2-1 | E6: League Division One | G6: 1988/89 | H6: =IF(LEFT(B6,10)="Arsenal v ",MID(B6,11,100),LEFT(B6,FIND(" v ",B6)-1)) -> Sheffield Wednesday | I6: =IF(F6<>"","N",IF(LEFT(B6,10)="Arsenal v ","H","A")) -> A
A7: 32414 | B7: Hull City v Arsenal | C7: W | D7: 1-2 | E7: League Cup | G7: 1988/89 | H7: =IF(LEFT(B7,10)="Arsenal v ",MID(B7,11,100),LEFT(B7,FIND(" v ",B7)-1)) -> Hull City | I7: =IF(F7<>"","N",IF(LEFT(B7,10)="Arsenal v ","H","A")) -> A
A8: 32417 | B8: West Ham United v Arsenal | C8: W | D8: 1-4 | E8: League Division One | G8: 1988/89 | H8: =IF(LEFT(B8,10)="Arsenal v ",MID(B8,11,100),LEFT(B8,FIND(" v ",B8)-1)) -> West Ham United | I8: =IF(F8<>"","N",IF(LEFT(B8,10)="Arsenal v ","H","A")) -> A
A9: 32428 | B9: Arsenal v Hull City | C9: W | D9: 3-0 | E9: League Cup | G9: 1988/89 | H9: =IF(LEFT(B9,10)="Arsenal v ",MID(B9,11,100),LEFT(B9,FIND(" v ",B9)-1)) -> Hull City | I9: =IF(F9<>"","N",IF(LEFT(B9,10)="Arsenal v ","H","A")) -> H
A10: 32438 | B10: Arsenal v Queens Park Rangers | C10: W | D10: 2-1 | E10: League Division One | G10: 1988/89 | H10: =IF(LEFT(B10,10)="Arsenal v ",MID(B10,11,100),LEFT(B10,FIND(" v ",B10)-1)) -> Queens Park Rangers | I10: =IF(F10<>"","N",IF(LEFT(B10,10)="Arsenal v ","H","A")) -> H
A11: 32441 | B11: Luton Town v Arsenal | C11: D | D11: 1-1 | E11: League Division One | G11: 1988/89 | H11: =IF(LEFT(B11,10)="Arsenal v ",MID(B11,11,100),LEFT(B11,FIND(" v ",B11)-1)) -> Luton Town | I11: =IF(F11<>"","N",IF(LEFT(B11,10)="Arsenal v ","H","A")) -> A
A12: 32445 | B12: Arsenal v Coventry City | C12: W | D12: 2-0 | E12: League Division One | G12: 1988/89 | H12: =IF(LEFT(B12,10)="Arsenal v ",MID(B12,11,100),LEFT(B12,FIND(" v ",B12)-1)) -> Coventry City | I12: =IF(F12<>"","N",IF(LEFT(B12,10)="Arsenal v ","H","A")) -> H
A13: 32449 | B13: Liverpool v Arsenal | C13: D | D13: 1-1 | E13: League Cup | G13: 1988/89 | H13: =IF(LEFT(B13,10)="Arsenal v ",MID(B13,11,100),LEFT(B13,FIND(" v ",B13)-1)) -> Liverpool | I13: =IF(F13<>"","N",IF(LEFT(B13,10)="Arsenal v ","H","A")) -> A
... A137: 33337 | B137: Southampton v Arsenal | C137: D | D137: 1-1 | E137: League Division One | G137: 1990/91 | H137: =IF(LEFT(B137,10)="Arsenal v ",MID(B137,11,100),LEFT(B137,FIND(" v ",B137)-1)) -> Southampton | I137: =IF(F137<>"","N",IF(LEFT(B137,10)="Arsenal v ","H","A")) -> A
A138: 33342 | B138: Tottenham Hotspur v Arsenal | C138: L | D138: 3-1 | E138: FA Cup | F138: Wembley | G138: 1990/91 | H138: =IF(LEFT(B138,10)="Arsenal v ",MID(B138,11,100),LEFT(B138,FIND(" v ",B138)-1)) -> Tottenham Hotspur | I138: =IF(F138<>"","N",IF(LEFT(B138,10)="Arsenal v ","H","A")) -> N
A139: 33345 | B139: Arsenal v Manchester City | C139: D | D139: 2-2 | E139: League Division One | G139: 1990/91 | H139: =IF(LEFT(B139,10)="Arsenal v ",MID(B139,11,100),LEFT(B139,FIND(" v ",B139)-1)) -> Manchester City | I139: =IF(F139<>"","N",IF(LEFT(B139,10)="Arsenal v ","H","A")) -> H
A140: 33351 | B140: Arsenal v Queens Park Rangers | C140: W | D140: 2-0 | E140: League Division One | G140: 1990/91 | H140: =IF(LEFT(B140,10)="Arsenal v ",MID(B140,11,100),LEFT(B140,FIND(" v ",B140)-1)) -> Queens Park Rangers | I140: =IF(F140<>"","N",IF(LEFT(B140,10)="Arsenal v ","H","A")) -> H
A141: 33362 | B141: Sunderland v Arsenal | C141: D | D141: 0-0 | E141: League Division One | G141: 1990/91 | H141: =IF(LEFT(B141,10)="Arsenal v ",MID(B141,11,100),LEFT(B141,FIND(" v ",B141)-1)) -> Sunderland | I141: =IF(F141<>"","N",IF(LEFT(B141,10)="Arsenal v ","H","A")) -> A
A142: 33364 | B142: Arsenal v Manchester United | C142: W | D142: 3-1 | E142: League Division One | G142: 1990/91 | H142: =IF(LEFT(B142,10)="Arsenal v ",MID(B142,11,100),LEFT(B142,FIND(" v ",B142)-1)) -> Manchester United | I142: =IF(F142<>"","N",IF(LEFT(B142,10)="Arsenal v ","H","A")) -> H
A143: 33369 | B143: Arsenal v Coventry City | C143: W | D143: 6-1 | E143: League Division One | G143: 1990/91 | H143: =IF(LEFT(B143,10)="Arsenal v ",MID(B143,11,100),LEFT(B143,FIND(" v ",B143)-1)) -> Coventry City | I143: =IF(F143<>"","N",IF(LEFT(B143,10)="Arsenal v ","H","A")) -> H
A144: 33460 | B144: Arsenal v Tottenham Hotspur | C144: D | D144: 0-0 | E144: FA Charity Shield | G144: 1991/92 | H144: =IF(LEFT(B144,10)="Arsenal v ",MID(B144,11,100),LEFT(B144,FIND(" v ",B144)-1)) -> Tottenham Hotspur | I144: =IF(F144<>"","N",IF(LEFT(B144,10)="Arsenal v ","H","A")) -> H
A145: 33467 | B145: Arsenal v Queens Park Rangers | C145: D | D145: 1-1 | E145: League Division One | G145: 1991/92 | H145: =IF(LEFT(B145,10)="Arsenal v ",MID(B145,11,100),LEFT(B145,FIND(" v ",B145)-1)) -> Queens Park Rangers | I145: =IF(F145<>"","N",IF(LEFT(B145,10)="Arsenal v ","H","A")) -> H
A146: 33470 | B146: Everton v Arsenal | C146: L | D146: 3-1 | E146: League Division One | G146: 1991/92 | H146: =IF(LEFT(B146,10)="Arsenal v ",MID(B146,11,100),LEFT(B146,FIND(" v ",B146)-1)) -> Everton | I146: =IF(F146<>"","N",IF(LEFT(B146,10)="Arsenal v ","H","A")) -> A
A147: 33474 | B147: Aston Villa v Arsenal | C147: L | D147: 3-1 | E147: League Division One | G147: 1991/92 | H147: =IF(LEFT(B147,10)="Arsenal v ",MID(B147,11,100),LEFT(B147,FIND(" v ",B147)-1)) -> Aston Villa | I147: =IF(F147<>"","N",IF(LEFT(B147,10)="Arsenal v ","H","A")) -> A
A148: 33477 | B148: Arsenal v Luton Town | C148: W | D148: 2-0 | E148: League Division One | G148: 1991/92 | H148: =IF(LEFT(B148,10)="Arsenal v ",MID(B148,11,100),LEFT(B148,FIND(" v ",B148)-1)) -> Luton Town | I148: =IF(F148<>"","N",IF(LEFT(B148,10)="Arsenal v ","H","A")) -> H
A149: 33481 | B149: Arsenal v Manchester City | C149: W | D149: 2-1 | E149: League Division One | G149: 1991/92 | H149: =IF(LEFT(B149,10)="Arsenal v ",MID(B149,11,100),LEFT(B149,FIND(" v ",B149)-1)) -> Manchester City | I149: =IF(F149<>"","N",IF(LEFT(B149,10)="Arsenal v ","H","A")) -> H
A150: 33484 | B150: Leeds United v Arsenal | C150: D | D150: 2-2 | E150: League Division One | G150: 1991/92 | H150: =IF(LEFT(B150,10)="Arsenal v ",MID(B150,11,100),LEFT(B150,FIND(" v ",B150)-1)) -> Leeds United | I150: =IF(F150<>"","N",IF(LEFT(B150,10)="Arsenal v ","H","A")) -> A
... A240: 34052 | B240: Manchester United v Arsenal | C240: D | D240: 0-0 | E240: Premier League | G240: 1992/93 | H240: =IF(LEFT(B240,10)="Arsenal v ",MID(B240,11,100),LEFT(B240,FIND(" v ",B240)-1)) -> Manchester United | I240: =IF(F240<>"","N",IF(LEFT(B240,10)="Arsenal v ","H","A")) -> A
A241: 34063 | B241: Arsenal v Tottenham Hotspur | C241: W | D241: 1-0 | E241: FA Cup | F241: Wembley | G241: 1992/93 | H241: =IF(LEFT(B241,10)="Arsenal v ",MID(B241,11,100),LEFT(B241,FIND(" v ",B241)-1)) -> Tottenham Hotspur | I241: =IF(F241<>"","N",IF(LEFT(B241,10)="Arsenal v ","H","A")) -> N
A242: 34065 | B242: Middlesbrough v Arsenal | C242: L | D242: 1-0 | E242: Premier League | G242: 1992/93 | H242: =IF(LEFT(B242,10)="Arsenal v ",MID(B242,11,100),LEFT(B242,FIND(" v ",B242)-1)) -> Middlesbrough | I242: =IF(F242<>"","N",IF(LEFT(B242,10)="Arsenal v ","H","A")) -> A
A243: 34069 | B243: Ipswich Town v Arsenal | C243: W | D243: 1-2 | E243: Premier League | G243: 1992/93 | H243: =IF(LEFT(B243,10)="Arsenal v ",MID(B243,11,100),LEFT(B243,FIND(" v ",B243)-1)) -> Ipswich Town | I243: =IF(F243<>"","N",IF(LEFT(B243,10)="Arsenal v ","H","A")) -> A
A244: 34071 | B244: Arsenal v Aston Villa | C244: L | D244: 0-1 | E244: Premier League | G244: 1992/93 | H244: =IF(LEFT(B244,10)="Arsenal v ",MID(B244,11,100),LEFT(B244,FIND(" v ",B244)-1)) -> Aston Villa | I244: =IF(F244<>"","N",IF(LEFT(B244,10)="Arsenal v ","H","A")) -> H
A245: 34077 | B245: Arsenal v Sheffield Wednesday | C245: W | D245: 2-1 | E245: League Cup | F245: Wembley | G245: 1992/93 | H245: =IF(LEFT(B245,10)="Arsenal v ",MID(B245,11,100),LEFT(B245,FIND(" v ",B245)-1)) -> Sheffield Wednesday | I245: =IF(F245<>"","N",IF(LEFT(B245,10)="Arsenal v ","H","A")) -> N
A246: 34080 | B246: Arsenal v Nottingham Forest | C246: D | D246: 1-1 | E246: Premier League | G246: 1992/93 | H246: =IF(LEFT(B246,10)="Arsenal v ",MID(B246,11,100),LEFT(B246,FIND(" v ",B246)-1)) -> Nottingham Forest | I246: =IF(F246<>"","N",IF(LEFT(B246,10)="Arsenal v ","H","A")) -> H
A247: 34090 | B247: Everton v Arsenal | C247: D | D247: 0-0 | E247: Premier League | G247: 1992/93 | H247: =IF(LEFT(B247,10)="Arsenal v ",MID(B247,11,100),LEFT(B247,FIND(" v ",B247)-1)) -> Everton | I247: =IF(F247<>"","N",IF(LEFT(B247,10)="Arsenal v ","H","A")) -> A
A248: 34093 | B248: Arsenal v Queens Park Rangers | C248: D | D248: 0-0 | E248: Premier League | G248: 1992/93 | H248: =IF(LEFT(B248,10)="Arsenal v ",MID(B248,11,100),LEFT(B248,FIND(" v ",B248)-1)) -> Queens Park Rangers | I248: =IF(F248<>"","N",IF(LEFT(B248,10)="Arsenal v ","H","A")) -> H
A249: 34095 | B249: Sheffield Wednesday v Arsenal | C249: L | D249: 1-0 | E249: Premier League | G249: 1992/93 | H249: =IF(LEFT(B249,10)="Arsenal v ",MID(B249,11,100),LEFT(B249,FIND(" v ",B249)-1)) -> Sheffield Wednesday | I249: =IF(F249<>"","N",IF(LEFT(B249,10)="Arsenal v ","H","A")) -> A
A250: 34097 | B250: Arsenal v Crystal Palace | C250: W | D250: 3-0 | E250: Premier League | G250: 1992/93 | H250: =IF(LEFT(B250,10)="Arsenal v ",MID(B250,11,100),LEFT(B250,FIND(" v ",B250)-1)) -> Crystal Palace | I250: =IF(F250<>"","N",IF(LEFT(B250,10)="Arsenal v ","H","A")) -> H
A251: 34100 | B251: Arsenal v Tottenham Hotspur | C251: L | D251: 1-3 | E251: Premier League | G251: 1992/93 | H251: =IF(LEFT(B251,10)="Arsenal v ",MID(B251,11,100),LEFT(B251,FIND(" v ",B251)-1)) -> Tottenham Hotspur | I251: =IF(F251<>"","N",IF(LEFT(B251,10)="Arsenal v ","H","A")) -> H
A252: 34104 | B252: Arsenal v Sheffield Wednesday | C252: D | D252: 1-1 | E252: FA Cup | F252: Wembley | G252: 1992/93 | H252: =IF(LEFT(B252,10)="Arsenal v ",MID(B252,11,100),LEFT(B252,FIND(" v ",B252)-1)) -> Sheffield Wednesday | I252: =IF(F252<>"","N",IF(LEFT(B252,10)="Arsenal v ","H","A")) -> N
A253: 34109 | B253: Arsenal v Sheffield Wednesday | C253: W | D253: 2-1 | E253: FA Cup | F253: Wembley | G253: 1992/93 | H253: =IF(LEFT(B253,10)="Arsenal v ",MID(B253,11,100),LEFT(B253,FIND(" v ",B253)-1)) -> Sheffield Wednesday | I253: =IF(F253<>"","N",IF(LEFT(B253,10)="Arsenal v ","H","A")) -> N
A254: 34188 | B254: Arsenal v Manchester United | C254: L | D254: 1-1 (4-5) | E254: FA Charity Shield | G254: 1993/94 | H254: =IF(LEFT(B254,10)="Arsenal v ",MID(B254,11,100),LEFT(B254,FIND(" v ",B254)-1)) -> Manchester United | I254: =IF(F254<>"","N",IF(LEFT(B254,10)="Arsenal v ","H","A")) -> H
A255: 34195 | B255: Arsenal v Coventry City | C255: L | D255: 0-3 | E255: Premier League | G255: 1993/94 | H255: =IF(LEFT(B255,10)="Arsenal v ",MID(B255,11,100),LEFT(B255,FIND(" v ",B255)-1)) -> Coventry City | I255: =IF(F255<>"","N",IF(LEFT(B255,10)="Arsenal v ","H","A")) -> H
A256: 34197 | B256: Tottenham Hotspur v Arsenal | C256: W | D256: 0-1 | E256: Premier League | G256: 1993/94 | H256: =IF(LEFT(B256,10)="Arsenal v ",MID(B256,11,100),LEFT(B256,FIND(" v ",B256)-1)) -> Tottenham Hotspur | I256: =IF(F256<>"","N",IF(LEFT(B256,10)="Arsenal v ","H","A")) -> A
A257: 34202 | B257: Sheffield Wednesday v Arsenal | C257: W | D257: 0-1 | E257: Premier League | G257: 1993/94 | H257: =IF(LEFT(B257,10)="Arsenal v ",MID(B257,11,100),LEFT(B257,FIND(" v ",B257)-1)) -> Sheffield Wednesday | I257: =IF(F257<>"","N",IF(LEFT(B257,10)="Arsenal v ","H","A")) -> A
A258: 34205 | B258: Arsenal v Leeds United | C258: W | D258: 2-1 | E258: Premier League | G258: 1993/94 | H258: =IF(LEFT(B258,10)="Arsenal v ",MID(B258,11,100),LEFT(B258,FIND(" v ",B258)-1)) -> Leeds United | I258: =IF(F258<>"","N",IF(LEFT(B258,10)="Arsenal v ","H","A")) -> H
A259: 34209 | B259: Arsenal v Everton | C259: W | D259: 2-0 | E259: Premier League | G259: 1993/94 | H259: =IF(LEFT(B259,10)="Arsenal v ",MID(B259,11,100),LEFT(B259,FIND(" v ",B259)-1)) -> Everton | I259: =IF(F259<>"","N",IF(LEFT(B259,10)="Arsenal v ","H","A")) -> H
A260: 34213 | B260: Blackburn Rovers v Arsenal | C260: D | D260: 1-1 | E260: Premier League | G260: 1993/94 | H260: =IF(LEFT(B260,10)="Arsenal v ",MID(B260,11,100),LEFT(B260,FIND(" v ",B260)-1)) -> Blackburn Rovers | I260: =IF(F260<>"","N",IF(LEFT(B260,10)="Arsenal v ","H","A")) -> A
A261: 34223 | B261: Arsenal v Ipswich Town | C261: W | D261: 4-0 | E261: Premier League | G261: 1993/94 | H261: =IF(LEFT(B261,10)="Arsenal v ",MID(B261,11,100),LEFT(B261,FIND(" v ",B261)-1)) -> Ipswich Town | I261: =IF(F261<>"","N",IF(LEFT(B261,10)="Arsenal v ","H","A")) -> H
A262: 34227 | B262: OB Odense v Arsenal | C262: W | D262: 1-2 | E262: UEFA European Cup Winners Cup | G262: 1993/94 | H262: =IF(LEFT(B262,10)="Arsenal v ",MID(B262,11,100),LEFT(B262,FIND(" v ",B262)-1)) -> OB Odense | I262: =IF(F262<>"","N",IF(LEFT(B262,10)="Arsenal v ","H","A")) -> A
A263: 34231 | B263: Manchester United v Arsenal | C263: L | D263: 1-0 | E263: Premier League | G263: 1993/94 | H263: =IF(LEFT(B263,10)="Arsenal v ",MID(B263,11,100),LEFT(B263,FIND(" v ",B263)-1)) -> Manchester United | I263: =IF(F263<>"","N",IF(LEFT(B263,10)="Arsenal v ","H","A")) -> A
A264: 34233 | B264: Huddersfield Town v Arsenal | C264: W | D264: 0-5 | E264: League Cup | G264: 1993/94 | H264: =IF(LEFT(B264,10)="Arsenal v ",MID(B264,11,100),LEFT(B264,FIND(" v ",B264)-1)) -> Huddersfield Town | I264: =IF(F264<>"","N",IF(LEFT(B264,10)="Arsenal v ","H","A")) -> A
A265: 34237 | B265: Arsenal v Southampton | C265: W | D265: 1-0 | E265: Premier League | G265: 1993/94 | H265: =IF(LEFT(B265,10)="Arsenal v ",MID(B265,11,100),LEFT(B265,FIND(" v ",B265)-1)) -> Southampton | I265: =IF(F265<>"","N",IF(LEFT(B265,10)="Arsenal v ","H","A")) -> H
... A311: 34454 | B311: Arsenal v West Ham United | C311: L | D311: 0-2 | E311: Premier League | G311: 1993/94 | H311: =IF(LEFT(B311,10)="Arsenal v ",MID(B311,11,100),LEFT(B311,FIND(" v ",B311)-1)) -> West Ham United | I311: =IF(F311<>"","N",IF(LEFT(B311,10)="Arsenal v ","H","A")) -> H
A312: 34458 | B312: Parma v Arsenal | C312: W | D312: 0-1 | E312: UEFA European Cup Winners Cup | F312: Parken Stadium | G312: 1993/94 | H312: =IF(LEFT(B312,10)="Arsenal v ",MID(B312,11,100),LEFT(B312,FIND(" v ",B312)-1)) -> Parma | I312: =IF(F312<>"","N",IF(LEFT(B312,10)="Arsenal v ","H","A")) -> N
A313: 34461 | B313: Newcastle United v Arsenal | C313: L | D313: 2-0 | E313: Premier League | G313: 1993/94 | H313: =IF(LEFT(B313,10)="Arsenal v ",MID(B313,11,100),LEFT(B313,FIND(" v ",B313)-1)) -> Newcastle United | I313: =IF(F313<>"","N",IF(LEFT(B313,10)="Arsenal v ","H","A")) -> A
A314: 34566 | B314: Arsenal v Manchester City | C314: W | D314: 3-0 | E314: Premier League | G314: 1994/95 | H314: =IF(LEFT(B314,10)="Arsenal v ",MID(B314,11,100),LEFT(B314,FIND(" v ",B314)-1)) -> Manchester City | I314: =IF(F314<>"","N",IF(LEFT(B314,10)="Arsenal v ","H","A")) -> H
A315: 34569 | B315: Leeds United v Arsenal | C315: L | D315: 1-0 | E315: Premier League | G315: 1994/95 | H315: =IF(LEFT(B315,10)="Arsenal v ",MID(B315,11,100),LEFT(B315,FIND(" v ",B315)-1)) -> Leeds United | I315: =IF(F315<>"","N",IF(LEFT(B315,10)="Arsenal v ","H","A")) -> A
A316: 34574 | B316: Liverpool v Arsenal | C316: L | D316: 3-0 | E316: Premier League | G316: 1994/95 | H316: =IF(LEFT(B316,10)="Arsenal v ",MID(B316,11,100),LEFT(B316,FIND(" v ",B316)-1)) -> Liverpool | I316: =IF(F316<>"","N",IF(LEFT(B316,10)="Arsenal v ","H","A")) -> A
A317: 34577 | B317: Arsenal v Blackburn Rovers | C317: D | D317: 0-0 | E317: Premier League | G317: 1994/95 | H317: =IF(LEFT(B317,10)="Arsenal v ",MID(B317,11,100),LEFT(B317,FIND(" v ",B317)-1)) -> Blackburn Rovers | I317: =IF(F317<>"","N",IF(LEFT(B317,10)="Arsenal v ","H","A")) -> H
A318: 34587 | B318: Norwich City v Arsenal | C318: D | D318: 0-0 | E318: Premier League | G318: 1994/95 | H318: =IF(LEFT(B318,10)="Arsenal v ",MID(B318,11,100),LEFT(B318,FIND(" v ",B318)-1)) -> Norwich City | I318: =IF(F318<>"","N",IF(LEFT(B318,10)="Arsenal v ","H","A")) -> A
A319: 34592 | B319: Omonia Nicosia v Arsenal | C319: W | D319: 1-3 | E319: UEFA European Cup Winners Cup | G319: 1994/95 | H319: =IF(LEFT(B319,10)="Arsenal v ",MID(B319,11,100),LEFT(B319,FIND(" v ",B319)-1)) -> Omonia Nicosia | I319: =IF(F319<>"","N",IF(LEFT(B319,10)="Arsenal v ","H","A")) -> A
A320: 34595 | B320: Arsenal v Newcastle United | C320: L | D320: 2-3 | E320: Premier League | G320: 1994/95 | H320: =IF(LEFT(B320,10)="Arsenal v ",MID(B320,11,100),LEFT(B320,FIND(" v ",B320)-1)) -> Newcastle United | I320: =IF(F320<>"","N",IF(LEFT(B320,10)="Arsenal v ","H","A")) -> H
A321: 34598 | B321: Hartlepool United v Arsenal | C321: W | D321: 0-5 | E321: League Cup | G321: 1994/95 | H321: =IF(LEFT(B321,10)="Arsenal v ",MID(B321,11,100),LEFT(B321,FIND(" v ",B321)-1)) -> Hartlepool United | I321: =IF(F321<>"","N",IF(LEFT(B321,10)="Arsenal v ","H","A")) -> A
A322: 34602 | B322: West Ham United v Arsenal | C322: W | D322: 0-2 | E322: Premier League | G322: 1994/95 | H322: =IF(LEFT(B322,10)="Arsenal v ",MID(B322,11,100),LEFT(B322,FIND(" v ",B322)-1)) -> West Ham United | I322: =IF(F322<>"","N",IF(LEFT(B322,10)="Arsenal v ","H","A")) -> A
A323: 34606 | B323: Arsenal v Omonia Nicosia | C323: W | D323: 3-0 | E323: UEFA European Cup Winners Cup | G323: 1994/95 | H323: =IF(LEFT(B323,10)="Arsenal v ",MID(B323,11,100),LEFT(B323,FIND(" v ",B323)-1)) -> Omonia Nicosia | I323: =IF(F323<>"","N",IF(LEFT(B323,10)="Arsenal v ","H","A")) -> H
A324: 34608 | B324: Arsenal v Crystal Palace | C324: L | D324: 1-2 | E324: Premier League | G324: 1994/95 | H324: =IF(LEFT(B324,10)="Arsenal v ",MID(B324,11,100),LEFT(B324,FIND(" v ",B324)-1)) -> Crystal Palace | I324: =IF(F324<>"","N",IF(LEFT(B324,10)="Arsenal v ","H","A")) -> H
... A372: 34823 | B372: Arsenal v Wimbledon | C372: D | D372: 0-0 | E372: Premier League | G372: 1994/95 | H372: =IF(LEFT(B372,10)="Arsenal v ",MID(B372,11,100),LEFT(B372,FIND(" v ",B372)-1)) -> Wimbledon | I372: =IF(F372<>"","N",IF(LEFT(B372,10)="Arsenal v ","H","A")) -> H
A373: 34829 | B373: Real Zaragoza v Arsenal | C373: L | D373: 2-1 | E373: UEFA European Cup Winners Cup | F373: Parc Des Princes | G373: 1994/95 | H373: =IF(LEFT(B373,10)="Arsenal v ",MID(B373,11,100),LEFT(B373,FIND(" v ",B373)-1)) -> Real Zaragoza | I373: =IF(F373<>"","N",IF(LEFT(B373,10)="Arsenal v ","H","A")) -> N
A374: 34833 | B374: Chelsea v Arsenal | C374: L | D374: 2-1 | E374: Premier League | G374: 1994/95 | H374: =IF(LEFT(B374,10)="Arsenal v ",MID(B374,11,100),LEFT(B374,FIND(" v ",B374)-1)) -> Chelsea | I374: =IF(F374<>"","N",IF(LEFT(B374,10)="Arsenal v ","H","A")) -> A
A375: 34931 | B375: Arsenal v Middlesbrough | C375: D | D375: 1-1 | E375: Premier League | G375: 1995/96 | H375: =IF(LEFT(B375,10)="Arsenal v ",MID(B375,11,100),LEFT(B375,FIND(" v ",B375)-1)) -> Middlesbrough | I375: =IF(F375<>"","N",IF(LEFT(B375,10)="Arsenal v ","H","A")) -> H
A376: 34934 | B376: Everton v Arsenal | C376: W | D376: 0-2 | E376: Premier League | G376: 1995/96 | H376: =IF(LEFT(B376,10)="Arsenal v ",MID(B376,11,100),LEFT(B376,FIND(" v ",B376)-1)) -> Everton | I376: =IF(F376<>"","N",IF(LEFT(B376,10)="Arsenal v ","H","A")) -> A
A377: 34937 | B377: Coventry City v Arsenal | C377: D | D377: 0-0 | E377: Premier League | G377: 1995/96 | H377: =IF(LEFT(B377,10)="Arsenal v ",MID(B377,11,100),LEFT(B377,FIND(" v ",B377)-1)) -> Coventry City | I377: =IF(F377<>"","N",IF(LEFT(B377,10)="Arsenal v ","H","A")) -> A
A378: 34940 | B378: Arsenal v Nottingham Forest | C378: D | D378: 1-1 | E378: Premier League | G378: 1995/96 | H378: =IF(LEFT(B378,10)="Arsenal v ",MID(B378,11,100),LEFT(B378,FIND(" v ",B378)-1)) -> Nottingham Forest | I378: =IF(F378<>"","N",IF(LEFT(B378,10)="Arsenal v ","H","A")) -> H
A379: 34952 | B379: Manchester City v Arsenal | C379: W | D379: 0-1 | E379: Premier League | G379: 1995/96 | H379: =IF(LEFT(B379,10)="Arsenal v ",MID(B379,11,100),LEFT(B379,FIND(" v ",B379)-1)) -> Manchester City | I379: =IF(F379<>"","N",IF(LEFT(B379,10)="Arsenal v ","H","A")) -> A
A380: 34958 | B380: Arsenal v West Ham United | C380: W | D380: 1-0 | E380: Premier League | G380: 1995/96 | H380: =IF(LEFT(B380,10)="Arsenal v ",MID(B380,11,100),LEFT(B380,FIND(" v ",B380)-1)) -> West Ham United | I380: =IF(F380<>"","N",IF(LEFT(B380,10)="Arsenal v ","H","A")) -> H
A381: 34961 | B381: Hartlepool United v Arsenal | C381: W | D381: 0-3 | E381: League Cup | G381: 1995/96 | H381: =IF(LEFT(B381,10)="Arsenal v ",MID(B381,11,100),LEFT(B381,FIND(" v ",B381)-1)) -> Hartlepool United | I381: =IF(F381<>"","N",IF(LEFT(B381,10)="Arsenal v ","H","A")) -> A
A382: 34965 | B382: Arsenal v Southampton | C382: W | D382: 4-2 | E382: Premier League | G382: 1995/96 | H382: =IF(LEFT(B382,10)="Arsenal v ",MID(B382,11,100),LEFT(B382,FIND(" v ",B382)-1)) -> Southampton | I382: =IF(F382<>"","N",IF(LEFT(B382,10)="Arsenal v ","H","A")) -> H
A383: 34972 | B383: Chelsea v Arsenal | C383: L | D383: 1-0 | E383: Premier League | G383: 1995/96 | H383: =IF(LEFT(B383,10)="Arsenal v ",MID(B383,11,100),LEFT(B383,FIND(" v ",B383)-1)) -> Chelsea | I383: =IF(F383<>"","N",IF(LEFT(B383,10)="Arsenal v ","H","A")) -> A
A384: 34975 | B384: Arsenal v Hartlepool United | C384: W | D384: 5-0 | E384: League Cup | G384: 1995/96 | H384: =IF(LEFT(B384,10)="Arsenal v ",MID(B384,11,100),LEFT(B384,FIND(" v ",B384)-1)) -> Hartlepool United | I384: =IF(F384<>"","N",IF(LEFT(B384,10)="Arsenal v ","H","A")) -> H
A385: 34986 | B385: Leeds United v Arsenal | C385: W | D385: 0-3 | E385: Premier League | G385: 1995/96 | H385: =IF(LEFT(B385,10)="Arsenal v ",MID(B385,11,100),LEFT(B385,FIND(" v ",B385)-1)) -> Leeds United | I385: =IF(F385<>"","N",IF(LEFT(B385,10)="Arsenal v ","H","A")) -> A
... A511: 35885 | B511: Bolton Wanderers v Arsenal | C511: W | D511: 0-1 | E511: Premier League | G511: 1997/98 | H511: =IF(LEFT(B511,10)="Arsenal v ",MID(B511,11,100),LEFT(B511,FIND(" v ",B511)-1)) -> Bolton Wanderers | I511: =IF(F511<>"","N",IF(LEFT(B511,10)="Arsenal v ","H","A")) -> A
A512: 35890 | B512: Arsenal v Wolverhampton Wanderers | C512: W | D512: 1-0 | E512: FA Cup | F512: Villa Park | G512: 1997/98 | H512: =IF(LEFT(B512,10)="Arsenal v ",MID(B512,11,100),LEFT(B512,FIND(" v ",B512)-1)) -> Wolverhampton Wanderers | I512: =IF(F512<>"","N",IF(LEFT(B512,10)="Arsenal v ","H","A")) -> N
A513: 35896 | B513: Arsenal v Newcastle United | C513: W | D513: 3-1 | E513: Premier League | G513: 1997/98 | H513: =IF(LEFT(B513,10)="Arsenal v ",MID(B513,11,100),LEFT(B513,FIND(" v ",B513)-1)) -> Newcastle United | I513: =IF(F513<>"","N",IF(LEFT(B513,10)="Arsenal v ","H","A")) -> H
A514: 35898 | B514: Blackburn Rovers v Arsenal | C514: W | D514: 1-4 | E514: Premier League | G514: 1997/98 | H514: =IF(LEFT(B514,10)="Arsenal v ",MID(B514,11,100),LEFT(B514,FIND(" v ",B514)-1)) -> Blackburn Rovers | I514: =IF(F514<>"","N",IF(LEFT(B514,10)="Arsenal v ","H","A")) -> A
A515: 35903 | B515: Arsenal v Wimbledon | C515: W | D515: 5-0 | E515: Premier League | G515: 1997/98 | H515: =IF(LEFT(B515,10)="Arsenal v ",MID(B515,11,100),LEFT(B515,FIND(" v ",B515)-1)) -> Wimbledon | I515: =IF(F515<>"","N",IF(LEFT(B515,10)="Arsenal v ","H","A")) -> H
A516: 35910 | B516: Barnsley v Arsenal | C516: W | D516: 0-2 | E516: Premier League | G516: 1997/98 | H516: =IF(LEFT(B516,10)="Arsenal v ",MID(B516,11,100),LEFT(B516,FIND(" v ",B516)-1)) -> Barnsley | I516: =IF(F516<>"","N",IF(LEFT(B516,10)="Arsenal v ","H","A")) -> A
A517: 35914 | B517: Arsenal v Derby County | C517: W | D517: 1-0 | E517: Premier League | G517: 1997/98 | H517: =IF(LEFT(B517,10)="Arsenal v ",MID(B517,11,100),LEFT(B517,FIND(" v ",B517)-1)) -> Derby County | I517: =IF(F517<>"","N",IF(LEFT(B517,10)="Arsenal v ","H","A")) -> H
A518: 35918 | B518: Arsenal v Everton | C518: W | D518: 4-0 | E518: Premier League | G518: 1997/98 | H518: =IF(LEFT(B518,10)="Arsenal v ",MID(B518,11,100),LEFT(B518,FIND(" v ",B518)-1)) -> Everton | I518: =IF(F518<>"","N",IF(LEFT(B518,10)="Arsenal v ","H","A")) -> H
A519: 35921 | B519: Liverpool v Arsenal | C519: L | D519: 4-0 | E519: Premier League | G519: 1997/98 | H519: =IF(LEFT(B519,10)="Arsenal v ",MID(B519,11,100),LEFT(B519,FIND(" v ",B519)-1)) -> Liverpool | I519: =IF(F519<>"","N",IF(LEFT(B519,10)="Arsenal v ","H","A")) -> A
A520: 35925 | B520: Aston Villa v Arsenal | C520: L | D520: 1-0 | E520: Premier League | G520: 1997/98 | H520: =IF(LEFT(B520,10)="Arsenal v ",MID(B520,11,100),LEFT(B520,FIND(" v ",B520)-1)) -> Aston Villa | I520: =IF(F520<>"","N",IF(LEFT(B520,10)="Arsenal v ","H","A")) -> A
A521: 35931 | B521: Arsenal v Newcastle United | C521: W | D521: 2-0 | E521: FA Cup | F521: Wembley | G521: 1997/98 | H521: =IF(LEFT(B521,10)="Arsenal v ",MID(B521,11,100),LEFT(B521,FIND(" v ",B521)-1)) -> Newcastle United | I521: =IF(F521<>"","N",IF(LEFT(B521,10)="Arsenal v ","H","A")) -> N
A522: 36016 | B522: Arsenal v Manchester United | C522: W | D522: 3-0 | E522: FA Charity Shield | G522: 1998/99 | H522: =IF(LEFT(B522,10)="Arsenal v ",MID(B522,11,100),LEFT(B522,FIND(" v ",B522)-1)) -> Manchester United | I522: =IF(F522<>"","N",IF(LEFT(B522,10)="Arsenal v ","H","A")) -> H
A523: 36024 | B523: Arsenal v Nottingham Forest | C523: W | D523: 2-1 | E523: Premier League | G523: 1998/99 | H523: =IF(LEFT(B523,10)="Arsenal v ",MID(B523,11,100),LEFT(B523,FIND(" v ",B523)-1)) -> Nottingham Forest | I523: =IF(F523<>"","N",IF(LEFT(B523,10)="Arsenal v ","H","A")) -> H
A524: 36029 | B524: Liverpool v Arsenal | C524: D | D524: 0-0 | E524: Premier League | G524: 1998/99 | H524: =IF(LEFT(B524,10)="Arsenal v ",MID(B524,11,100),LEFT(B524,FIND(" v ",B524)-1)) -> Liverpool | I524: =IF(F524<>"","N",IF(LEFT(B524,10)="Arsenal v ","H","A")) -> A
A525: 36036 | B525: Arsenal v Charlton Athletic | C525: D | D525: 0-0 | E525: Premier League | G525: 1998/99 | H525: =IF(LEFT(B525,10)="Arsenal v ",MID(B525,11,100),LEFT(B525,FIND(" v ",B525)-1)) -> Charlton Athletic | I525: =IF(F525<>"","N",IF(LEFT(B525,10)="Arsenal v ","H","A")) -> H
A526: 36047 | B526: Chelsea v Arsenal | C526: D | D526: 0-0 | E526: Premier League | G526: 1998/99 | H526: =IF(LEFT(B526,10)="Arsenal v ",MID(B526,11,100),LEFT(B526,FIND(" v ",B526)-1)) -> Chelsea | I526: =IF(F526<>"","N",IF(LEFT(B526,10)="Arsenal v ","H","A")) -> A
A527: 36050 | B527: Leicester City v Arsenal | C527: D | D527: 1-1 | E527: Premier League | G527: 1998/99 | H527: =IF(LEFT(B527,10)="Arsenal v ",MID(B527,11,100),LEFT(B527,FIND(" v ",B527)-1)) -> Leicester City | I527: =IF(F527<>"","N",IF(LEFT(B527,10)="Arsenal v ","H","A")) -> A
A528: 36054 | B528: RC Lens v Arsenal | C528: D | D528: 1-1 | E528: UEFA Champions League | G528: 1998/99 | H528: =IF(LEFT(B528,10)="Arsenal v ",MID(B528,11,100),LEFT(B528,FIND(" v ",B528)-1)) -> RC Lens | I528: =IF(F528<>"","N",IF(LEFT(B528,10)="Arsenal v ","H","A")) -> A
A529: 36058 | B529: Arsenal v Manchester United | C529: W | D529: 3-0 | E529: Premier League | G529: 1998/99 | H529: =IF(LEFT(B529,10)="Arsenal v ",MID(B529,11,100),LEFT(B529,FIND(" v ",B529)-1)) -> Manchester United | I529: =IF(F529<>"","N",IF(LEFT(B529,10)="Arsenal v ","H","A")) -> H
...
